Age,Gender,Weight (kg),Height (m),Max_BPM,Avg_BPM,Resting_BPM,Session_Duration (hours),Calories_Burned,Workout_Type,Fat_Percentage,Water_Intake (liters),Workout_Frequency (days/week),Experience_Level,BMI,Bmi_Category,dutration_min,calories_per_min,workout_intensity
56,Male,88.3,1.71,180,157,60,1.69,1313,Yoga,12.6,3.5,4,3,30.2,Overweight,101.4,12.94871795,High
46,Female,74.9,1.53,179,151,66,1.3,883,HIIT,33.9,2.1,4,2,32,Overweight,78,11.32051282,High
32,Female,68.1,1.66,167,122,54,1.11,677,Cardio,33.4,2.3,4,2,24.71,Normal,66.6,10.16516517,High
25,Male,53.2,1.7,190,164,56,0.59,532,Strength,28.8,2.1,3,1,18.41,Underweight,35.4,15.02824859,Medium
38,Male,46.1,1.79,188,158,68,0.64,556,Strength,29.2,2.8,3,1,14.39,Underweight,38.4,14.47916667,Medium
56,Female,58,1.68,168,156,74,1.59,1116,HIIT,15.5,2.7,5,3,20.55,Normal,95.4,11.69811321,High
36,Male,70.3,1.72,174,169,73,1.49,1385,Cardio,21.3,2.3,3,2,23.76,Normal,89.4,15.49217002,High
40,Female,69.7,1.51,189,141,64,1.27,895,Cardio,30.6,1.9,3,2,30.57,Overweight,76.2,11.74540682,High
28,Male,121.7,1.94,185,127,52,1.03,719,Strength,28.9,2.6,4,2,32.34,Overweight,61.8,11.63430421,High
28,Male,101.8,1.84,169,136,64,1.08,808,Cardio,29.7,2.7,3,1,30.07,Overweight,64.8,12.4691358,High
41,Male,120.8,1.67,188,146,54,0.82,593,HIIT,20.5,3,2,1,43.31,Overweight,49.2,12.05284553,Medium
53,Male,51.7,1.7,175,152,72,1.15,865,HIIT,23.6,3.5,3,2,17.89,Underweight,69,12.53623188,High
57,Male,112.5,1.61,195,165,61,1.24,1013,Cardio,22.1,2.7,3,2,43.4,Overweight,74.4,13.6155914,High
41,Male,94.5,2,179,136,69,1.18,794,HIIT,27.6,3.7,3,1,23.62,Normal,70.8,11.21468927,High
20,Male,117.7,1.81,196,161,54,1.35,1195,Yoga,26.4,3.3,3,2,35.93,Overweight,81,14.75308642,High
39,Female,42.5,1.75,181,131,52,1.13,740,Strength,26.2,2.1,2,1,13.88,Underweight,67.8,10.91445428,High
19,Female,64,1.53,166,167,58,1.33,1111,HIIT,29.8,2.3,3,2,27.34,Obese,79.8,13.92230576,High
41,Female,43.8,1.77,182,165,58,1.19,884,Cardio,31.9,1.6,3,1,13.98,Underweight,71.4,12.38095238,High
47,Female,66.8,1.75,199,146,56,1.13,742,Strength,32.8,2.5,3,2,21.81,Normal,67.8,10.9439528,High
55,Female,75.2,1.67,188,167,51,1.37,1030,HIIT,25.2,2.2,2,1,26.96,Obese,82.2,12.53041363,High
19,Male,89,1.77,175,127,72,1.5,1048,Strength,28.9,3.7,4,2,28.41,Obese,90,11.64444444,High
38,Male,71.9,1.77,197,142,72,1.12,875,Cardio,25.7,3.1,2,1,22.95,Normal,67.2,13.02083333,High
50,Female,71,1.68,187,161,70,1.17,848,Yoga,33.1,2.5,2,1,25.16,Obese,70.2,12.07977208,High
29,Male,120.9,1.78,197,168,65,0.78,721,Yoga,28.1,3.4,2,1,38.16,Overweight,46.8,15.40598291,Medium
39,Female,64.3,1.69,190,148,58,1.25,925,HIIT,26.9,1.9,4,2,22.51,Normal,75,12.33333333,High
42,Female,63.7,1.71,173,169,62,1.42,1080,Yoga,26.1,1.8,3,2,21.78,Normal,85.2,12.67605634,High
44,Male,65.2,1.8,192,139,68,0.73,502,HIIT,27.2,2.7,2,1,20.12,Normal,43.8,11.46118721,Medium
59,Male,53.9,1.75,168,135,69,1.48,989,Strength,21.6,2.8,4,2,17.6,Underweight,88.8,11.13738739,High
45,Male,84.9,1.86,186,136,66,1.64,1104,HIIT,14.2,3.5,5,3,24.54,Normal,98.4,11.2195122,High
33,Female,78,1.68,183,135,55,1.29,871,HIIT,32.3,1.8,3,2,27.64,Obese,77.4,11.25322997,High
32,Male,108.2,1.8,172,138,53,1.27,964,HIIT,28.4,3.5,3,1,33.4,Overweight,76.2,12.65091864,High
20,Female,65.4,1.52,185,127,50,1.03,654,Yoga,28,2.2,4,2,28.31,Obese,61.8,10.58252427,High
54,Female,50.2,1.61,188,157,67,1.48,1046,HIIT,28.2,2.7,2,1,19.37,Normal,88.8,11.77927928,High
24,Female,58.9,1.51,187,157,68,1.04,816,Cardio,31.7,2.5,2,1,25.83,Obese,62.4,13.07692308,High
38,Male,81.4,1.71,187,148,58,1.52,1237,HIIT,10.2,3.5,5,3,27.84,Obese,91.2,13.56359649,High
26,Male,127.6,1.73,167,160,62,1.32,1162,Strength,27.3,2.9,3,1,42.63,Overweight,79.2,14.67171717,High
56,Female,59.3,1.56,182,155,57,1.26,879,Cardio,33.4,2.6,4,2,24.37,Normal,75.6,11.62698413,High
35,Male,96.9,1.71,188,145,72,1.34,1069,Strength,24.2,2.9,3,2,33.14,Overweight,80.4,13.2960199,High
21,Male,62.6,1.81,164,150,62,1.3,1072,Strength,27.6,3.5,4,2,19.11,Normal,78,13.74358974,High
42,Male,45.5,1.6,166,163,64,1.31,1057,Strength,21.7,2.6,3,2,17.77,Underweight,78.6,13.44783715,High
31,Female,48.8,1.51,195,131,60,1.48,969,Cardio,28.2,2,2,1,21.4,Normal,88.8,10.91216216,High
26,Female,44.3,1.6,186,136,61,1.08,734,Cardio,34.7,2,3,1,17.3,Underweight,64.8,11.32716049,High
43,Male,113.2,1.83,161,134,63,1.45,962,Yoga,29.9,2.9,4,2,33.8,Overweight,87,11.05747126,High
19,Female,60.5,1.59,184,128,53,1.14,730,Cardio,30.1,2.2,2,1,23.93,Normal,68.4,10.67251462,High
37,Male,124.2,1.76,168,158,50,1.5,1304,HIIT,29.3,2.8,2,1,40.1,Overweight,90,14.48888889,High
45,Male,52.4,1.85,186,161,73,1.2,956,Strength,25.2,2.5,3,1,15.31,Underweight,72,13.27777778,High
24,Male,54.7,1.74,160,167,53,0.84,772,Yoga,22.9,3.6,3,1,18.07,Underweight,50.4,15.31746032,Medium
25,Male,88.1,1.95,182,131,68,1.41,1016,Cardio,22.7,3,2,1,23.17,Normal,84.6,12.00945626,High
52,Female,59.7,1.71,169,151,58,1.23,836,Strength,34.3,2,3,1,20.42,Normal,73.8,11.32791328,High
31,Female,79.7,1.54,184,144,59,1.03,742,Cardio,26.7,2.3,4,2,33.61,Overweight,61.8,12.00647249,High
34,Female,51,1.62,162,158,53,1.42,1122,Yoga,30.8,2.4,3,2,19.43,Normal,85.2,13.16901408,High
53,Male,84.2,1.76,165,137,69,1.67,1133,Cardio,12.8,3.5,5,3,27.18,Obese,100.2,11.30738523,High
57,Male,122.1,1.89,165,134,58,1.13,750,Cardio,27.4,3.6,3,1,34.18,Overweight,67.8,11.0619469,High
21,Male,96.7,1.72,161,151,62,1.26,1046,Strength,25,2.8,3,1,32.69,Overweight,75.6,13.83597884,High
19,Female,73,1.79,177,125,61,0.81,506,HIIT,27.7,1.6,3,1,22.78,Normal,48.6,10.41152263,Medium
23,Male,114.8,1.6,182,163,60,1.47,1318,Cardio,21.7,2.7,4,2,44.84,Overweight,88.2,14.94331066,High
59,Female,65.5,1.52,161,162,61,1.4,1021,Yoga,31.2,2.1,3,2,28.35,Obese,84,12.1547619,High
21,Female,50.3,1.52,171,154,67,1.08,832,Cardio,32.2,2.6,3,1,21.77,Normal,64.8,12.83950617,High
46,Female,61,1.71,181,153,61,1.67,1150,Cardio,17.8,2.7,4,3,20.86,Normal,100.2,11.47704591,High
35,Female,44.6,1.62,196,157,65,0.56,440,HIIT,32.4,2,2,1,16.99,Underweight,33.6,13.0952381,Medium
43,Female,58.2,1.61,179,124,54,1.04,580,Strength,26.4,2.6,3,2,22.45,Normal,62.4,9.294871795,High
51,Female,44.8,1.63,198,137,69,1.08,666,Yoga,33.8,2.1,4,2,16.86,Underweight,64.8,10.27777778,High
27,Male,87.5,1.63,183,135,74,1.75,1299,Strength,12.9,3.5,5,3,32.93,Overweight,105,12.37142857,High
53,Male,51.8,1.74,179,127,61,1.23,773,Strength,21.3,3.7,3,2,17.11,Underweight,73.8,10.47425474,High
31,Female,64.4,1.7,160,144,70,1.97,1418,Strength,17.3,2.7,5,3,22.28,Normal,118.2,11.99661591,High
48,Female,67.1,1.61,160,151,74,0.62,421,Cardio,33.4,1.5,2,1,25.89,Obese,37.2,11.3172043,Medium
32,Male,85.9,1.6,176,145,60,1.99,1587,HIIT,14.5,3.5,5,3,33.55,Overweight,119.4,13.29145729,High
25,Female,65.4,1.77,160,141,58,0.89,627,Cardio,27.6,2.6,3,1,20.88,Normal,53.4,11.74157303,Medium
31,Female,61.1,1.76,189,150,67,1.81,1358,Yoga,18.6,2.7,4,3,19.72,Normal,108.6,12.50460405,High
40,Male,106.5,1.65,162,162,74,1.32,1176,HIIT,21,3.6,4,2,39.12,Overweight,79.2,14.84848485,High
57,Female,64,1.52,170,129,52,1.73,1004,Strength,15.2,2.7,5,3,27.7,Obese,103.8,9.672447013,High
38,Female,61.4,1.54,183,131,69,1.47,963,HIIT,30.6,2.7,3,2,25.89,Obese,88.2,10.91836735,High
33,Female,40.5,1.63,181,147,66,1.07,786,Yoga,31.9,1.5,4,2,15.24,Underweight,64.2,12.24299065,High
35,Male,70.1,1.79,185,125,63,1.08,743,Cardio,28,2.3,3,2,21.88,Normal,64.8,11.46604938,High
41,Male,94.1,1.62,172,139,50,1.13,777,Cardio,23.4,3.1,4,2,35.86,Overweight,67.8,11.46017699,High
43,Male,55.5,1.82,160,124,66,1.08,663,Strength,20.1,2,3,1,16.76,Underweight,64.8,10.23148148,High
42,Female,53.7,1.72,183,142,74,1.37,875,Cardio,29.8,1.6,3,1,18.15,Underweight,82.2,10.64476886,High
58,Female,66.1,1.75,169,128,57,0.63,363,Cardio,25.2,1.8,2,1,21.58,Normal,37.8,9.603174603,Medium
46,Male,103.9,1.77,194,148,54,1.18,864,Yoga,20.9,2.9,2,1,33.16,Overweight,70.8,12.20338983,High
32,Female,61.7,1.58,183,135,54,1.87,1262,HIIT,16.6,2.7,5,3,24.72,Normal,112.2,11.24777184,High
18,Female,52.3,1.74,187,165,58,1.2,990,Cardio,29.4,2.2,2,1,17.27,Underweight,72,13.75,High
42,Female,59.5,1.74,195,141,52,1.78,1129,Yoga,16.4,2.7,5,3,19.65,Normal,106.8,10.57116105,High
24,Female,72.9,1.76,175,127,68,0.86,546,Yoga,30.8,1.5,3,1,23.53,Normal,51.6,10.58139535,Medium
26,Female,76.7,1.63,199,139,72,1.08,751,Strength,25.6,1.7,2,1,28.87,Obese,64.8,11.58950617,High
41,Male,72.1,1.83,175,133,58,1.13,744,Yoga,21.4,2.8,3,2,21.53,Normal,67.8,10.97345133,High
18,Female,54.8,1.68,176,158,71,1.27,1003,Strength,32,2.2,4,2,19.42,Normal,76.2,13.16272966,High
25,Male,105,1.88,174,156,67,1.34,1150,Cardio,21.4,2.3,3,2,29.71,Obese,80.4,14.30348259,High
41,Female,55,1.55,175,169,65,1.45,1103,Strength,31.4,2,4,2,22.89,Normal,87,12.67816092,High
28,Male,81.6,1.66,174,153,50,1.09,917,Yoga,20.5,3.5,4,2,29.61,Obese,65.4,14.02140673,High
34,Female,75.6,1.6,193,130,51,0.64,416,HIIT,29.1,2.7,2,1,29.53,Obese,38.4,10.83333333,Medium
25,Male,81.5,1.61,170,159,63,1.93,1688,HIIT,10.9,3.5,4,3,31.44,Overweight,115.8,14.57685665,High
52,Female,61.5,1.69,160,152,63,1.8,1231,Cardio,15.5,2.7,4,3,21.53,Normal,108,11.39814815,High
52,Male,74,1.63,174,150,50,1.26,936,Cardio,25.7,3.7,3,2,27.85,Obese,75.6,12.38095238,High
50,Female,56.4,1.59,185,163,74,1.26,924,HIIT,34.3,2.6,3,1,22.31,Normal,75.6,12.22222222,High
22,Male,102.6,1.84,163,153,65,1.25,1052,Strength,20.5,2.7,3,2,30.3,Overweight,75,14.02666667,High
59,Female,54.6,1.57,164,169,64,0.58,441,Cardio,29.2,2.3,3,1,22.15,Normal,34.8,12.67241379,Medium
56,Male,129,1.78,194,126,64,1.29,805,Yoga,27.1,2.7,2,1,40.71,Overweight,77.4,10.4005168,High
58,Male,103.5,1.66,172,168,61,1.33,1106,Cardio,24.6,3.1,3,1,37.56,Overweight,79.8,13.85964912,High
45,Female,59.4,1.51,169,142,65,1.15,735,Strength,33.1,1.9,4,2,26.05,Obese,69,10.65217391,High
24,Female,60.1,1.79,170,165,63,1.97,1625,Cardio,15.9,2.7,4,3,18.76,Normal,118.2,13.74788494,High
26,Male,77.7,1.62,177,126,73,1.16,804,Yoga,29.6,3,3,2,29.61,Obese,69.6,11.55172414,High
25,Female,41.2,1.62,193,144,64,1.49,1073,Yoga,28.9,2.1,4,2,15.7,Underweight,89.4,12.00223714,High
29,Male,58.6,1.61,198,122,72,1.2,805,Yoga,23.4,2,3,2,22.61,Normal,72,11.18055556,High
51,Male,109.3,1.78,182,157,64,0.54,420,Strength,28.7,3.3,3,1,34.5,Overweight,32.4,12.96296296,Medium
50,Male,69.6,1.96,166,139,68,0.97,667,Strength,25.6,2,3,1,18.12,Underweight,58.2,11.4604811,Medium
40,Female,56.2,1.79,198,153,57,1.79,1369,Yoga,17.6,2.7,5,3,17.54,Underweight,107.4,12.74674115,High
41,Male,71.7,1.96,162,168,51,0.51,424,Yoga,27.3,2.5,2,1,18.66,Normal,30.6,13.85620915,Medium
54,Male,86,1.93,171,163,51,1.74,1404,Strength,12.9,3.5,5,3,23.09,Normal,104.4,13.44827586,High
52,Female,79.4,1.59,166,163,59,1.39,1020,Strength,26.6,1.5,3,2,31.41,Overweight,83.4,12.23021583,High
57,Female,78.4,1.62,185,149,52,1.01,677,Strength,31.7,2,4,2,29.87,Obese,60.6,11.17161716,High
39,Female,55.4,1.6,192,136,72,1.44,979,HIIT,26.3,1.6,3,2,21.64,Normal,86.4,11.33101852,High
44,Female,61.7,1.55,196,129,66,1.41,819,Strength,33.1,2.6,4,2,25.68,Obese,84.6,9.680851064,High
52,Male,85.5,1.82,174,154,57,1.78,1357,Yoga,14.9,3.5,4,3,25.81,Obese,106.8,12.70599251,High
18,Male,87.6,1.93,161,139,72,1.72,1315,HIIT,11.9,3.5,4,3,23.52,Normal,103.2,12.74224806,High
52,Male,82.4,1.72,166,137,53,1.01,685,Strength,24.4,2.7,4,2,27.85,Obese,60.6,11.30363036,High
54,Male,67,1.68,191,164,63,0.55,446,Yoga,20.5,2.8,3,1,23.74,Normal,33,13.51515152,Medium
31,Female,42.3,1.6,163,163,70,1.09,888,Cardio,25.1,1.9,3,2,16.52,Underweight,65.4,13.57798165,High
20,Male,82.7,1.99,179,146,59,1.69,1357,HIIT,14.6,3.5,5,3,20.88,Normal,101.4,13.382643,High
18,Male,92.4,1.74,195,168,50,1.41,1303,Yoga,21.3,3.1,2,1,30.52,Overweight,84.6,15.40189125,High
22,Female,63.2,1.54,191,155,53,1.02,790,Cardio,29.5,2.4,4,2,26.65,Obese,61.2,12.90849673,High
43,Male,82.7,1.85,187,142,50,1.22,858,Yoga,28.2,3.1,4,2,24.16,Normal,73.2,11.72131148,High
31,Male,86.6,1.76,172,151,66,1.29,1071,Strength,28.9,3.3,3,2,27.96,Obese,77.4,13.8372093,High
56,Male,129.5,1.95,160,129,66,1,639,Strength,25.2,3.5,2,1,34.06,Overweight,60,10.65,Medium
44,Male,98,1.83,194,130,56,1.28,824,Cardio,25.7,3.5,4,2,29.26,Obese,76.8,10.72916667,High
26,Male,86.2,1.68,189,157,72,1.97,1701,Strength,13.3,3.5,5,3,30.54,Overweight,118.2,14.39086294,High
32,Male,78.6,1.62,195,125,69,1.28,880,Yoga,29.6,3.1,3,1,29.95,Obese,76.8,11.45833333,High
32,Female,59,1.66,184,160,64,0.51,408,Cardio,31,1.8,2,1,21.41,Normal,30.6,13.33333333,Medium
43,Female,57.3,1.79,175,166,62,1.98,1479,Yoga,17.8,2.7,4,3,17.88,Underweight,118.8,12.44949495,High
59,Male,122.3,1.89,178,153,51,0.66,500,Yoga,20.1,3.1,3,1,34.24,Overweight,39.6,12.62626263,Medium
30,Male,85.3,1.95,160,155,68,1.61,1373,Yoga,10.4,3.5,5,3,22.43,Normal,96.6,14.21325052,High
49,Female,45.2,1.74,164,156,73,1.24,870,Strength,30.8,2.1,3,2,14.93,Underweight,74.4,11.69354839,High
56,Male,55.6,1.92,181,136,62,0.68,458,Strength,29.4,3.2,3,1,15.08,Underweight,40.8,11.2254902,Medium
49,Male,82.8,1.95,183,159,73,1.91,1503,Yoga,14.3,3.5,5,3,21.78,Normal,114.6,13.11518325,High
21,Male,125.2,1.66,196,159,60,1.38,1207,HIIT,29.8,3.4,3,2,45.43,Overweight,82.8,14.57729469,High
47,Female,58.5,1.79,195,131,71,1.42,837,Yoga,30.3,2.4,4,2,18.26,Underweight,85.2,9.823943662,High
54,Male,86.1,1.95,195,140,64,1.17,811,Yoga,27.9,3.4,2,1,22.64,Normal,70.2,11.55270655,High
40,Female,63.5,1.61,163,159,59,1.31,1041,Cardio,33.4,1.6,3,2,24.5,Normal,78.6,13.24427481,High
56,Male,69.3,1.68,195,138,58,0.66,451,Yoga,26.5,2.1,2,1,24.55,Normal,39.6,11.38888889,Medium
32,Female,70.5,1.62,177,122,58,1.24,756,Strength,28.4,1.8,2,1,26.86,Obese,74.4,10.16129032,High
46,Female,60.1,1.65,175,137,69,1.69,1042,Cardio,17.3,2.7,4,3,22.08,Normal,101.4,10.27613412,High
53,Male,94.1,1.95,177,138,50,0.89,608,HIIT,28.6,3.5,3,1,24.75,Normal,53.4,11.38576779,Medium
30,Female,79.2,1.62,181,166,66,1.26,1046,Cardio,28,2.5,4,2,30.18,Overweight,75.6,13.83597884,High
49,Male,115.3,1.91,161,125,61,1.38,854,HIIT,29.2,3.2,2,1,31.61,Overweight,82.8,10.31400966,High
24,Female,62.9,1.79,180,135,59,1.42,958,Cardio,27.3,2.3,4,2,19.63,Normal,85.2,11.24413146,High
39,Male,62,1.64,195,127,54,0.97,678,Cardio,27.5,3.2,3,1,23.05,Normal,58.2,11.64948454,Medium
45,Male,88.5,1.78,198,167,67,1.53,1265,HIIT,13.2,3.5,4,3,27.93,Obese,91.8,13.77995643,High
19,Female,73.9,1.77,198,137,64,1.28,877,Strength,32.5,2.6,3,2,23.59,Normal,76.8,11.41927083,High
59,Male,50.3,1.95,188,167,55,1.07,885,Strength,24.4,3.4,3,1,13.23,Underweight,64.2,13.78504673,High
23,Male,83.1,1.8,185,162,56,0.7,624,Strength,29.3,3.1,3,1,25.65,Obese,42,14.85714286,Medium
45,Female,65.1,1.78,180,158,66,1.46,1038,Cardio,31.3,2.3,3,1,20.55,Normal,87.6,11.84931507,High
45,Male,46.6,1.79,176,168,55,1.46,1214,Yoga,22.9,2.4,3,2,14.54,Underweight,87.6,13.85844749,High
37,Male,103.5,1.89,175,168,57,0.54,499,Cardio,26.4,3.1,2,1,28.97,Obese,32.4,15.40123457,Medium
47,Female,61.9,1.54,190,131,61,1.95,1150,Yoga,16.4,2.7,4,3,26.1,Obese,117,9.829059829,High
28,Female,52,1.61,168,164,70,1.32,1082,Yoga,27.9,2,3,2,20.06,Normal,79.2,13.66161616,High
45,Male,113.4,1.71,190,129,63,0.83,530,Strength,24,2.3,2,1,38.78,Overweight,49.8,10.64257028,Medium
42,Male,62.9,1.98,173,126,61,1.42,886,Yoga,28.5,3.4,4,2,16.04,Underweight,85.2,10.39906103,High
56,Female,40.4,1.8,196,165,72,1.23,913,Cardio,30,2.1,4,2,12.47,Underweight,73.8,12.37127371,High
50,Female,67.1,1.75,161,120,59,0.67,362,Cardio,31.8,2.7,3,1,21.91,Normal,40.2,9.004975124,Medium
18,Male,70,1.61,173,168,71,1.3,1201,Strength,23.9,2.5,2,1,27.01,Obese,78,15.3974359,High
44,Female,69.5,1.75,192,155,69,1.02,711,HIIT,27.6,2.1,3,1,22.69,Normal,61.2,11.61764706,High
30,Male,107.9,1.66,194,140,64,1.08,832,Cardio,29.5,2.8,3,2,39.16,Overweight,64.8,12.83950617,High
58,Male,109,1.91,198,156,56,1.49,1151,Yoga,26,2.2,3,2,29.88,Obese,89.4,12.87472036,High
20,Male,101,1.91,179,143,58,1.36,1070,Cardio,29.3,2.7,3,2,27.69,Obese,81.6,13.1127451,High
56,Male,88.5,1.85,161,144,59,1.57,1119,Cardio,11,3.5,4,3,25.86,Obese,94.2,11.87898089,High
23,Male,80.9,1.8,178,126,59,1.55,1074,Cardio,10.7,3.5,4,3,24.97,Normal,93,11.5483871,High
25,Female,43.1,1.62,196,161,65,1.04,837,HIIT,33.6,1.8,4,2,16.42,Underweight,62.4,13.41346154,High
44,Female,59.1,1.52,177,136,56,1.58,967,Yoga,18.4,2.7,5,3,25.58,Obese,94.8,10.20042194,High
26,Female,54,1.53,175,148,54,1.14,844,Strength,26.9,1.7,3,1,23.07,Normal,68.4,12.33918129,High
54,Female,72.3,1.78,163,149,72,1.27,852,Cardio,27.7,1.8,2,1,22.82,Normal,76.2,11.18110236,High
50,Male,51.1,1.98,171,126,52,0.92,574,Yoga,28,2.4,2,1,13.03,Underweight,55.2,10.39855072,Medium
59,Male,89.4,1.72,188,152,67,1.08,813,Yoga,24.5,3.2,3,1,30.22,Overweight,64.8,12.5462963,High
41,Male,51.5,1.8,166,126,60,1.09,680,Strength,26.7,2.1,4,2,15.9,Underweight,65.4,10.39755352,High
32,Male,87.9,1.88,173,143,64,1.52,1195,Cardio,11.6,3.5,5,3,24.87,Normal,91.2,13.10307018,High
49,Female,42,1.52,171,130,70,1.1,644,HIIT,28.8,2.2,3,1,18.18,Underweight,66,9.757575758,High
49,Male,79.2,1.72,194,128,69,1.46,925,Yoga,29.9,3.3,3,1,26.77,Obese,87.6,10.55936073,High
41,Male,64.8,1.71,164,131,54,1.2,778,Strength,22.5,2.8,3,2,22.16,Normal,72,10.80555556,High
58,Female,63,1.78,176,154,73,1.58,1095,HIIT,17.5,2.7,4,3,19.88,Normal,94.8,11.55063291,High
29,Female,56.2,1.77,191,123,61,0.68,418,Yoga,33.4,2.6,3,1,17.94,Underweight,40.8,10.24509804,Medium
56,Female,52.9,1.64,169,155,53,1.1,767,Cardio,27.4,2.3,3,2,19.67,Normal,66,11.62121212,High
19,Female,49,1.69,176,147,64,1.05,772,Yoga,29.2,2.4,3,1,17.16,Underweight,63,12.25396825,High
20,Male,128.2,1.84,164,132,58,0.83,603,HIIT,26.2,2.3,3,1,37.87,Overweight,49.8,12.10843373,Medium
54,Male,83.6,1.86,168,142,56,1.54,1082,HIIT,12.4,3.5,5,3,24.16,Normal,92.4,11.70995671,High
34,Female,56.2,1.77,192,138,59,1.81,1249,Cardio,17.3,2.7,5,3,17.94,Underweight,108.6,11.50092081,High
19,Male,87.8,1.78,195,161,72,1.28,1133,Cardio,23.6,3.3,2,1,27.71,Obese,76.8,14.75260417,High
19,Male,85.9,1.85,195,156,62,1.66,1424,Strength,12.9,3.5,4,3,25.1,Obese,99.6,14.29718876,High
45,Male,51.1,1.87,177,158,57,1.44,1126,Cardio,26.2,3.4,4,2,14.61,Underweight,86.4,13.03240741,High
40,Female,57.4,1.71,168,143,61,1.87,1337,Strength,18.3,2.7,5,3,19.63,Normal,112.2,11.91622103,High
54,Male,114.9,1.92,188,135,71,1.2,802,HIIT,20.7,2.6,4,2,31.17,Overweight,72,11.13888889,High
49,Female,62.1,1.66,173,152,73,1.37,937,HIIT,31.3,1.8,3,2,22.54,Normal,82.2,11.39902676,High
50,Male,57.1,1.91,184,131,68,1.09,707,Yoga,29.5,2.7,4,2,15.65,Underweight,65.4,10.81039755,High
18,Male,68.1,1.8,174,153,50,1.1,926,Yoga,25.4,3.3,4,2,21.02,Normal,66,14.03030303,High
36,Male,69.2,1.65,165,126,65,1.23,852,Strength,27.2,2.7,3,1,25.42,Obese,73.8,11.54471545,High
19,Female,65.2,1.52,188,130,71,1.23,800,Cardio,30.6,2.4,3,1,28.22,Obese,73.8,10.8401084,High
43,Male,108.6,1.73,174,150,66,1.33,988,Cardio,28.5,2.2,2,1,36.29,Overweight,79.8,12.38095238,High
49,Female,40,1.65,188,148,74,1.03,686,Yoga,34.3,2.5,3,2,14.69,Underweight,61.8,11.10032362,High
23,Female,41.9,1.58,163,132,67,0.56,370,HIIT,26.8,1.8,3,1,16.78,Underweight,33.6,11.01190476,Medium
49,Female,68.3,1.52,177,150,60,1.45,979,Strength,29.4,1.8,4,2,29.56,Obese,87,11.25287356,High
21,Male,88.4,1.6,198,121,67,1.71,1138,HIIT,12,3.5,4,3,34.53,Overweight,102.6,11.09161793,High
28,Male,66,1.9,175,158,56,1.18,1025,HIIT,24.1,3,3,1,18.28,Underweight,70.8,14.47740113,High
34,Male,71.9,1.64,170,134,67,1.26,929,Cardio,21.3,2.1,4,2,26.73,Obese,75.6,12.28835979,High
55,Male,75.6,1.71,173,130,57,1.03,663,Strength,28.1,2,4,2,25.85,Obese,61.8,10.72815534,High
41,Female,63.4,1.59,162,153,55,1.84,1267,HIIT,15.2,2.7,5,3,25.08,Obese,110.4,11.47644928,High
22,Female,71.6,1.77,197,158,56,1.49,1177,Yoga,30.3,1.8,3,1,22.85,Normal,89.4,13.1655481,High
51,Female,57.4,1.77,177,123,72,1.08,598,Yoga,31.6,2.1,4,2,18.32,Underweight,64.8,9.228395062,High
23,Male,83.8,1.99,179,130,71,1.79,1280,Cardio,11,3.5,4,3,21.16,Normal,107.4,11.91806331,High
39,Female,55.9,1.71,184,148,59,1.95,1443,Yoga,19.5,2.7,5,3,19.12,Normal,117,12.33333333,High
28,Male,87,1.76,197,121,60,1.2,799,Yoga,28.4,3.5,3,2,28.09,Obese,72,11.09722222,High
33,Female,65.3,1.71,172,135,74,1.18,796,HIIT,29.7,2.5,4,2,22.33,Normal,70.8,11.24293785,High
50,Male,45.4,1.67,163,158,62,1.37,1071,Yoga,24.1,2.8,4,2,16.28,Underweight,82.2,13.02919708,High
26,Male,87.1,1.87,173,132,58,1.71,1241,Yoga,11.2,3.5,4,3,24.91,Normal,102.6,12.09551657,High
23,Female,78.6,1.73,192,156,56,1.47,1147,HIIT,32.3,1.5,4,2,26.26,Obese,88.2,13.00453515,High
33,Female,78,1.71,187,136,58,1.08,734,Cardio,26.3,2.1,3,1,26.67,Obese,64.8,11.32716049,High
46,Female,58,1.53,196,140,62,1.83,1153,Cardio,18.4,2.7,4,3,24.78,Normal,109.8,10.50091075,High
20,Female,71.3,1.69,167,163,52,1.28,1043,Strength,33.4,2.3,3,2,24.96,Normal,76.8,13.58072917,High
37,Male,49.1,1.74,193,138,52,1.11,842,Yoga,22.3,2.6,3,2,16.22,Underweight,66.6,12.64264264,High
53,Female,78.3,1.65,164,126,50,1.24,703,HIIT,33.7,1.6,3,1,28.76,Obese,74.4,9.448924731,High
36,Female,57.3,1.64,164,157,70,1.13,887,Strength,25.3,1.8,4,2,21.3,Normal,67.8,13.08259587,High
43,Female,48.4,1.61,190,127,69,1.28,732,Cardio,34.1,2.4,2,1,18.67,Normal,76.8,9.53125,High
20,Male,76.4,1.62,168,132,51,1.35,980,Cardio,21.2,2.6,4,2,29.11,Obese,81,12.09876543,High
36,Male,110.2,1.77,191,156,74,1.19,1021,HIIT,26.5,3.4,2,1,35.18,Overweight,71.4,14.29971989,High
37,Female,72.9,1.76,192,121,52,1.21,732,Strength,27.5,1.9,3,2,23.53,Normal,72.6,10.08264463,High
49,Male,82.1,1.86,162,160,64,1.87,1481,Strength,14.2,3.5,4,3,23.73,Normal,112.2,13.19964349,High
24,Female,58.9,1.76,189,130,73,0.63,410,HIIT,30.1,1.7,3,1,19.01,Normal,37.8,10.84656085,Medium
58,Male,82.2,1.87,171,143,55,1.57,1111,HIIT,10.7,3.5,4,3,23.51,Normal,94.2,11.7940552,High
50,Male,96.7,1.72,188,125,62,1.46,903,Strength,25.7,2.7,3,2,32.69,Overweight,87.6,10.30821918,High
57,Male,81.4,1.86,162,145,70,1.8,1292,Cardio,12,3.5,5,3,23.53,Normal,108,11.96296296,High
56,Male,107.8,1.73,185,126,50,1.09,680,Yoga,26.6,2.8,3,2,36.02,Overweight,65.4,10.39755352,High
35,Female,65.8,1.62,189,158,69,1,790,Cardio,33.8,1.5,4,2,25.07,Obese,60,13.16666667,Medium
57,Female,68.5,1.56,168,138,68,1.45,900,HIIT,29.1,1.6,4,2,28.15,Obese,87,10.34482759,High
18,Female,63.9,1.59,185,125,50,1.87,1169,Strength,16.4,2.7,4,3,25.28,Obese,112.2,10.41889483,High
28,Male,76.3,1.62,161,162,70,1.16,1034,Strength,20.1,2.3,3,2,29.07,Obese,69.6,14.85632184,High
45,Female,44.5,1.65,162,148,71,1.44,959,Yoga,30.7,1.6,3,1,16.35,Underweight,86.4,11.09953704,High
42,Female,50.7,1.75,163,162,51,1.29,940,Strength,29,1.9,3,2,16.56,Underweight,77.4,12.14470284,High
40,Female,55.1,1.61,184,158,64,1.55,1224,Yoga,16.9,2.7,4,3,21.26,Normal,93,13.16129032,High
48,Male,73.7,1.61,172,121,63,1.36,815,Cardio,21.8,3.6,4,2,28.43,Obese,81.6,9.987745098,High
47,Male,55.6,1.77,198,138,68,1.2,820,Cardio,24.3,2.9,4,2,17.75,Underweight,72,11.38888889,High
59,Male,86.9,1.76,194,123,60,1.13,688,Strength,29.8,3.1,3,2,28.05,Obese,67.8,10.14749263,High
52,Female,60.3,1.68,182,125,64,1.6,900,Strength,16.5,2.7,4,3,21.36,Normal,96,9.375,High
24,Female,40.4,1.64,168,168,55,0.99,832,HIIT,31,1.9,2,1,15.02,Underweight,59.4,14.00673401,Medium
33,Female,78.5,1.66,161,156,69,1.29,1006,HIIT,32.8,1.9,4,2,28.49,Obese,77.4,12.99741602,High
43,Male,102.6,1.72,190,147,58,0.82,597,Strength,27.5,2,2,1,34.68,Overweight,49.2,12.13414634,Medium
19,Male,110.8,1.91,161,149,54,1.31,1074,Strength,23.3,2.9,2,1,30.37,Overweight,78.6,13.66412214,High
18,Female,60.9,1.79,191,126,69,1.11,699,Cardio,31.1,2.1,2,1,19.01,Normal,66.6,10.4954955,High
29,Male,55.7,1.61,177,128,51,1.41,993,Strength,28.7,2.3,3,1,21.49,Normal,84.6,11.73758865,High
22,Male,110.5,1.92,172,144,55,1.16,919,HIIT,20.2,3.3,3,2,29.98,Obese,69.6,13.20402299,High
54,Male,55.2,1.71,164,152,67,0.77,579,Cardio,24.4,2.8,2,1,18.88,Normal,46.2,12.53246753,Medium
49,Male,46.5,1.72,169,120,72,1.4,832,Yoga,22.2,2.6,4,2,15.72,Underweight,84,9.904761905,High
26,Female,70.9,1.66,184,125,68,0.81,506,HIIT,28.9,1.7,3,1,25.73,Obese,48.6,10.41152263,Medium
58,Male,74.6,1.75,193,137,58,1.09,739,HIIT,24.2,2.9,2,1,24.36,Normal,65.4,11.29969419,High
52,Male,45.1,1.72,196,129,70,0.93,594,Cardio,27.5,3.3,2,1,15.24,Underweight,55.8,10.64516129,Medium
36,Male,99.9,1.99,189,147,73,1.33,1075,Yoga,20.9,2.5,3,1,25.23,Obese,79.8,13.47117794,High
33,Male,117,1.61,166,130,55,1.04,744,HIIT,25.1,2.4,3,2,45.14,Overweight,62.4,11.92307692,High
20,Female,75.9,1.73,165,152,63,1.39,1056,Strength,30.6,2.1,4,2,25.36,Obese,83.4,12.6618705,High
37,Female,71.2,1.64,162,120,73,1.11,666,HIIT,29.9,1.7,3,2,26.47,Obese,66.6,10,High
41,Male,78.8,1.72,172,132,62,1.01,660,Cardio,27.3,3.1,4,2,26.64,Obese,60.6,10.89108911,High
50,Male,50.6,1.69,162,156,60,1.31,1012,Cardio,23.8,3,2,1,17.72,Underweight,78.6,12.87531807,High
41,Male,82.5,1.79,185,139,61,1.69,1163,Cardio,14.7,3.5,4,3,25.75,Obese,101.4,11.46942801,High
28,Male,108.5,1.79,183,120,68,1.33,878,HIIT,24.8,2.1,4,2,33.86,Overweight,79.8,11.00250627,High
25,Male,49.9,1.98,165,122,68,1.15,772,Yoga,25.7,2.1,3,2,12.73,Underweight,69,11.1884058,High
53,Male,125.1,1.91,171,137,70,0.52,353,Strength,28.3,3.1,2,1,34.29,Overweight,31.2,11.31410256,Medium
55,Female,79.7,1.66,195,160,68,1.06,763,Cardio,27.8,1.9,2,1,28.92,Obese,63.6,11.99685535,High
57,Male,126.8,1.63,161,133,73,0.96,632,Yoga,20.8,2.1,2,1,47.72,Overweight,57.6,10.97222222,Medium
37,Female,54.6,1.57,170,150,62,1.31,982,Strength,32.1,2.4,3,1,22.15,Normal,78.6,12.49363868,High
52,Female,47.8,1.54,198,146,63,1.34,880,Cardio,29.8,1.9,3,2,20.16,Normal,80.4,10.94527363,High
42,Male,97.9,1.91,193,136,73,1.01,680,Strength,29,2.8,3,2,26.84,Obese,60.6,11.22112211,High
52,Female,63.1,1.54,185,165,67,1.36,1010,Strength,34.8,1.8,3,2,26.61,Obese,81.6,12.37745098,High
42,Female,72.4,1.69,177,148,61,1.07,713,Yoga,29,2.3,3,2,25.35,Obese,64.2,11.105919,High
46,Female,58.9,1.7,180,155,53,1.52,1060,Strength,17.1,2.7,4,3,20.38,Normal,91.2,11.62280702,High
35,Female,50.4,1.6,195,156,59,1.03,803,Cardio,29.1,1.9,4,2,19.69,Normal,61.8,12.99352751,High
35,Female,64.2,1.59,199,145,66,1.63,1182,Yoga,16.6,2.7,5,3,25.39,Obese,97.8,12.08588957,High
19,Female,58.8,1.77,181,136,53,1.4,952,HIIT,32.8,2.7,2,1,18.77,Normal,84,11.33333333,High
52,Male,105.2,1.62,189,141,61,1.36,949,HIIT,27.6,3.2,3,1,40.09,Overweight,81.6,11.62990196,High
33,Female,45.9,1.5,189,144,62,0.92,662,Yoga,29.8,1.7,3,1,20.4,Normal,55.2,11.99275362,Medium
58,Female,65.2,1.63,167,121,53,1.12,610,HIIT,25.4,2,3,2,24.54,Normal,67.2,9.077380952,High
53,Female,56.3,1.79,193,141,59,1.52,964,Strength,16.5,2.7,5,3,17.57,Underweight,91.2,10.57017544,High
50,Male,90,1.7,168,124,74,0.81,497,Cardio,22.9,2.7,2,1,31.14,Overweight,48.6,10.22633745,Medium
21,Female,60,1.7,179,123,52,1.97,1212,Strength,19.1,2.7,5,3,20.76,Normal,118.2,10.25380711,High
50,Male,51.5,1.71,199,155,64,1.48,1136,Yoga,20.9,2.9,2,1,17.61,Underweight,88.8,12.79279279,High
31,Female,63.1,1.64,184,125,51,1.54,962,Cardio,19,2.7,4,3,23.46,Normal,92.4,10.41125541,High
38,Male,91.5,1.77,178,140,74,0.8,616,Yoga,26.7,3.4,2,1,29.21,Obese,48,12.83333333,Medium
37,Male,48.7,1.67,164,132,74,1.39,1009,Yoga,27.3,3,2,1,17.46,Underweight,83.4,12.09832134,High
25,Female,57.8,1.56,170,156,66,1.35,1053,Yoga,29.3,1.6,3,2,23.75,Normal,81,13,High
24,Female,42,1.75,174,144,55,0.83,598,Strength,31.8,2.3,3,1,13.71,Underweight,49.8,12.00803213,Medium
20,Male,128.4,1.92,167,145,57,0.63,502,Cardio,26.1,2,2,1,34.83,Overweight,37.8,13.28042328,Medium
34,Female,74.2,1.57,178,158,52,1.47,1161,Cardio,32.7,2.4,3,1,30.1,Overweight,88.2,13.16326531,High
50,Male,89.6,1.68,182,139,74,1.79,1232,Cardio,12.2,3.5,5,3,31.75,Overweight,107.4,11.47113594,High
29,Male,125.9,2,186,152,67,1.36,1137,Strength,24.7,3.1,4,2,31.48,Overweight,81.6,13.93382353,High
39,Male,105.5,1.99,199,133,71,0.81,593,HIIT,26.4,2.5,2,1,26.64,Obese,48.6,12.20164609,Medium
39,Male,93.4,1.7,191,155,50,1.1,938,Strength,21.1,2.5,4,2,32.32,Overweight,66,14.21212121,High
47,Male,82.1,1.84,185,136,65,1.37,922,Strength,24.4,3.4,4,2,24.25,Normal,82.2,11.21654501,High
55,Female,42.9,1.69,186,140,56,0.9,567,Yoga,34.7,2.4,2,1,15.02,Underweight,54,10.5,Medium
55,Male,128.4,1.68,178,165,52,1.13,923,Cardio,20.4,2.6,4,2,45.49,Overweight,67.8,13.61356932,High
25,Male,112.4,1.96,188,135,72,1.42,1054,Cardio,23.2,2.5,2,1,29.26,Obese,85.2,12.37089202,High
44,Female,77.7,1.79,198,165,53,1.41,1047,HIIT,28.1,2.2,3,1,24.25,Normal,84.6,12.37588652,High
44,Male,89.3,1.99,192,135,58,1.4,936,HIIT,26.3,2,4,2,22.55,Normal,84,11.14285714,High
51,Female,70.3,1.55,178,139,54,1.4,876,Yoga,26.1,1.6,3,1,29.26,Obese,84,10.42857143,High
38,Female,59.1,1.72,196,148,68,1.07,792,Cardio,31.3,1.7,3,2,19.98,Normal,64.2,12.3364486,High
47,Female,49.9,1.69,178,147,64,1.48,979,HIIT,26,1.7,3,2,17.47,Underweight,88.8,11.02477477,High
50,Male,101.7,1.67,192,127,57,0.53,333,HIIT,20.9,2.9,2,1,36.47,Overweight,31.8,10.47169811,Medium
45,Male,93,1.91,175,143,55,1.03,729,Cardio,27.3,3.7,3,2,25.49,Obese,61.8,11.7961165,High
50,Male,87.4,1.6,182,122,67,0.77,465,Strength,23.2,3.1,2,1,34.14,Overweight,46.2,10.06493506,Medium
22,Female,55.1,1.61,166,144,68,1.62,1166,HIIT,19.9,2.7,4,3,21.26,Normal,97.2,11.99588477,High
36,Male,123.7,1.69,185,138,73,1.3,987,Cardio,20.4,2.1,4,2,43.31,Overweight,78,12.65384615,High
21,Female,61.3,1.57,191,152,64,1.94,1474,HIIT,17.2,2.7,4,3,24.87,Normal,116.4,12.66323024,High
52,Male,72.3,1.94,171,121,56,1.46,874,Yoga,21.1,2.9,3,2,19.21,Normal,87.6,9.97716895,High
34,Female,69.2,1.53,167,134,59,1.36,911,HIIT,28.5,2.1,2,1,29.56,Obese,81.6,11.16421569,High
45,Male,81.4,1.61,164,141,55,1.14,796,Cardio,30,2.2,4,2,31.4,Overweight,68.4,11.6374269,High
47,Male,84.8,1.86,187,129,63,1.85,1181,HIIT,14.4,3.5,5,3,24.51,Normal,111,10.63963964,High
46,Male,55.1,1.72,164,137,66,1.43,970,Yoga,20.5,3.6,3,2,18.62,Normal,85.8,11.30536131,High
23,Female,59,1.78,185,141,58,1.67,1177,Yoga,17.8,2.7,5,3,18.62,Normal,100.2,11.74650699,High
52,Female,64.9,1.51,164,165,68,1.83,1359,HIIT,18.2,2.7,4,3,28.46,Obese,109.8,12.37704918,High
58,Male,109.7,1.75,181,168,54,1.01,840,HIIT,22.1,2.7,2,1,35.82,Overweight,60.6,13.86138614,High
54,Male,78.4,1.9,174,146,72,0.81,585,Yoga,21.5,3.7,2,1,21.72,Normal,48.6,12.03703704,Medium
41,Female,76.7,1.79,172,132,56,1.4,832,Yoga,34,2,4,2,23.94,Normal,84,9.904761905,High
46,Female,63.1,1.61,187,152,68,1,684,Strength,34.7,2.2,4,2,24.34,Normal,60,11.4,Medium
48,Female,62.9,1.58,192,124,69,1.98,1105,Strength,20,2.7,4,3,25.2,Obese,118.8,9.301346801,High
52,Male,85.6,1.74,182,145,56,1.84,1321,Yoga,13.9,3.5,4,3,28.27,Obese,110.4,11.96557971,High
50,Female,66.3,1.57,192,132,73,1.25,742,HIIT,31.6,1.6,2,1,26.9,Obese,75,9.893333333,High
38,Male,61.3,1.97,177,146,51,1.37,1100,Cardio,23.5,2.8,3,1,15.8,Underweight,82.2,13.38199513,High
49,Female,44.1,1.65,189,133,74,1.16,694,HIIT,26.7,1.8,4,2,16.2,Underweight,69.6,9.971264368,High
40,Male,63.8,1.62,185,143,72,1.3,1022,HIIT,20.8,3.4,2,1,24.31,Normal,78,13.1025641,High
50,Female,55.4,1.55,175,122,65,1.85,1016,Strength,18.5,2.7,4,3,23.06,Normal,111,9.153153153,High
20,Female,74.7,1.58,172,166,62,1.04,863,Strength,32.8,2.4,3,2,29.92,Obese,62.4,13.83012821,High
35,Female,78,1.67,198,168,57,1.13,949,Strength,33.3,2.5,4,2,27.97,Obese,67.8,13.99705015,High
42,Female,57.5,1.67,192,149,55,1.14,764,Yoga,34.1,2.4,2,1,20.62,Normal,68.4,11.16959064,High
59,Female,60.7,1.73,185,154,55,1.03,714,Yoga,33.8,2.5,3,2,20.28,Normal,61.8,11.55339806,High
48,Male,69,1.74,160,167,58,1.48,1223,HIIT,30,2.3,3,2,22.79,Normal,88.8,13.77252252,High
20,Female,75.8,1.78,197,133,53,1.42,944,HIIT,27.4,2,4,2,23.92,Normal,85.2,11.07981221,High
57,Female,75.7,1.63,161,131,60,0.69,407,Cardio,32.6,2.3,3,1,28.49,Obese,41.4,9.830917874,Medium
41,Female,71.2,1.64,165,147,54,1.42,939,HIIT,30.9,2.3,3,2,26.47,Obese,85.2,11.02112676,High
49,Male,85,1.68,197,163,74,1.82,1468,HIIT,11.3,3.5,4,3,30.12,Overweight,109.2,13.44322344,High
39,Female,63.6,1.56,183,148,66,1.22,903,Strength,34.8,2.4,2,1,26.13,Obese,73.2,12.33606557,High
40,Male,73.2,1.94,177,162,69,0.81,722,Strength,29,2.4,2,1,19.45,Normal,48.6,14.85596708,Medium
19,Female,48.3,1.52,186,136,56,0.96,653,Strength,26.3,1.6,2,1,20.91,Normal,57.6,11.33680556,Medium
44,Female,42.8,1.78,167,159,64,1.49,1066,Strength,25.3,2.6,3,2,13.51,Underweight,89.4,11.92393736,High
59,Male,88.1,1.76,187,168,74,1.35,1123,Strength,26.9,3,3,2,28.44,Obese,81,13.86419753,High
19,Female,72.4,1.75,169,140,64,1.2,840,Cardio,31,1.7,4,2,23.64,Normal,72,11.66666667,High
43,Male,73.2,1.88,176,142,63,1.17,822,Cardio,29.4,3.3,3,1,20.71,Normal,70.2,11.70940171,High
34,Male,110.5,1.86,188,139,62,1.42,1086,Cardio,22.3,3.6,2,1,31.94,Overweight,85.2,12.74647887,High
57,Female,46.1,1.76,165,130,60,1.44,842,Strength,25.8,1.7,3,2,14.88,Underweight,86.4,9.74537037,High
50,Male,90.8,1.71,173,153,62,1.07,810,Yoga,22.6,3.4,4,2,31.05,Overweight,64.2,12.61682243,High
26,Female,59.3,1.51,181,129,71,1.7,1096,Strength,15.1,2.7,5,3,26.01,Obese,102,10.74509804,High
56,Female,45.1,1.73,165,129,73,0.83,482,Strength,25.4,2.6,3,1,15.07,Underweight,49.8,9.678714859,Medium
46,Male,45,1.77,185,162,58,1.48,1187,Cardio,29.1,3.6,3,2,14.36,Underweight,88.8,13.36711712,High
59,Male,89.4,1.62,198,125,59,1.43,885,Strength,23.5,3.6,3,2,34.06,Overweight,85.8,10.31468531,High
43,Male,127.7,1.69,171,155,53,1.14,875,Cardio,24.1,2.9,3,2,44.71,Overweight,68.4,12.79239766,High
52,Male,70.9,1.72,194,143,66,1.31,927,Strength,20.2,2.6,3,2,23.97,Normal,78.6,11.79389313,High
42,Female,49.2,1.5,173,131,63,1.15,678,HIIT,27.7,1.5,3,2,21.87,Normal,69,9.826086957,High
41,Female,62.3,1.79,181,162,73,1.99,1451,Yoga,19,2.7,5,3,19.44,Normal,119.4,12.15242881,High
30,Male,64.1,1.87,182,142,67,0.64,500,Yoga,26.2,2.1,2,1,18.33,Underweight,38.4,13.02083333,Medium
24,Female,69.7,1.75,166,146,60,1.41,1029,Cardio,32.5,2,3,1,22.76,Normal,84.6,12.16312057,High
53,Female,56.9,1.59,199,164,65,1.49,1100,HIIT,29.5,2,3,2,22.51,Normal,89.4,12.30425056,High
37,Female,53,1.71,184,156,50,1.13,881,Yoga,28.1,1.7,4,2,18.13,Underweight,67.8,12.99410029,High
18,Female,72.7,1.55,172,125,56,0.84,525,Cardio,29.8,2,3,1,30.26,Overweight,50.4,10.41666667,Medium
25,Male,76.5,1.96,180,120,59,0.67,442,Strength,23.2,2.3,3,1,19.91,Normal,40.2,10.99502488,Medium
33,Male,113.6,1.99,169,125,58,1.38,949,Strength,28.4,3.4,2,1,28.69,Obese,82.8,11.46135266,High
31,Female,62.5,1.62,168,169,74,1.56,1318,HIIT,16.5,2.7,4,3,23.81,Normal,93.6,14.08119658,High
29,Male,95.2,1.86,174,141,52,0.64,496,Yoga,26.6,2.5,2,1,27.52,Obese,38.4,12.91666667,Medium
40,Male,51.7,1.82,161,160,71,0.9,792,Strength,21.4,3,3,1,15.61,Underweight,54,14.66666667,Medium
32,Male,105.3,1.67,184,143,72,0.57,448,Cardio,26.9,2.9,3,1,37.76,Overweight,34.2,13.0994152,Medium
45,Female,71.2,1.68,172,144,63,1.37,888,Strength,34.1,1.6,3,1,25.23,Obese,82.2,10.80291971,High
51,Female,78.1,1.51,193,134,74,0.92,555,Strength,31.1,2.6,3,1,34.25,Overweight,55.2,10.05434783,Medium
19,Female,50.6,1.68,193,145,64,1.21,877,Yoga,30.6,2.1,3,2,17.93,Underweight,72.6,12.07988981,High
49,Male,70.2,1.89,194,127,51,0.7,440,Yoga,29.6,2.6,3,1,19.65,Normal,42,10.47619048,Medium
40,Female,62.6,1.53,197,143,73,1.93,1380,Cardio,18.1,2.7,5,3,26.74,Obese,115.8,11.91709845,High
39,Female,60.6,1.65,162,167,63,0.92,768,HIIT,27.6,1.7,3,1,22.26,Normal,55.2,13.91304348,Medium
42,Male,76.4,1.97,165,157,65,1.14,886,HIIT,22.9,2.6,3,2,19.69,Normal,68.4,12.95321637,High
39,Female,63.3,1.71,178,125,56,1.88,1175,Strength,18.5,2.7,4,3,21.65,Normal,112.8,10.41666667,High
39,Female,68.6,1.64,162,154,53,1.33,1024,Cardio,32.4,1.5,3,2,25.51,Obese,79.8,12.8320802,High
59,Male,123.3,1.88,177,161,67,1.3,1036,HIIT,23,2.6,4,2,34.89,Overweight,78,13.28205128,High
23,Male,107,1.94,198,120,73,1.35,891,HIIT,23.5,2.9,2,1,28.43,Obese,81,11,High
32,Male,68.3,1.92,168,165,54,1.42,1289,Strength,29.9,3.5,2,1,18.53,Normal,85.2,15.12910798,High
54,Female,47.8,1.6,171,155,55,1.19,830,Cardio,26,2.3,4,2,18.67,Normal,71.4,11.62464986,High
50,Female,58.4,1.79,164,131,56,1.6,943,HIIT,17,2.7,4,3,18.23,Underweight,96,9.822916667,High
25,Female,74.3,1.71,162,157,64,1.43,1123,Yoga,25.6,1.6,3,2,25.41,Obese,85.8,13.08857809,High
22,Male,106.8,1.82,170,130,50,1,715,Yoga,28.2,2.3,4,2,32.24,Overweight,60,11.91666667,Medium
56,Male,125.5,1.8,189,131,73,1.26,817,Strength,20.9,2.7,4,2,38.73,Overweight,75.6,10.80687831,High
21,Female,55.2,1.55,163,161,53,1.37,1103,Strength,31.7,1.7,4,2,22.98,Normal,82.2,13.41849148,High
23,Female,71.4,1.72,164,169,74,1.25,1056,Strength,25.6,1.5,2,1,24.13,Normal,75,14.08,High
49,Male,77.7,1.61,160,158,50,1.03,806,Strength,26.7,3.4,3,2,29.98,Obese,61.8,13.0420712,High
47,Male,88.4,1.6,186,126,60,1.86,1160,HIIT,14.2,3.5,5,3,34.53,Overweight,111.6,10.39426523,High
52,Male,104.8,1.99,187,130,67,0.93,598,Cardio,24,2,2,1,26.46,Obese,55.8,10.71684588,Medium
57,Male,82.2,1.69,188,155,63,1.15,882,Strength,25.2,3.4,4,2,28.78,Obese,69,12.7826087,High
33,Female,68.2,1.75,177,150,71,0.85,638,Strength,29,1.7,2,1,22.27,Normal,51,12.50980392,Medium
30,Male,91.4,1.99,171,152,60,1.37,1145,HIIT,23,3.7,3,2,23.08,Normal,82.2,13.92944039,High
59,Female,42.1,1.65,172,132,59,1.22,725,Strength,33,2.2,2,1,15.46,Underweight,73.2,9.904371585,High
47,Female,68.7,1.76,161,137,66,1.37,845,Strength,27.7,2.4,3,2,22.18,Normal,82.2,10.27980535,High
36,Female,47.2,1.74,196,160,53,1.5,1200,Cardio,32.2,1.6,4,2,15.59,Underweight,90,13.33333333,High
34,Male,92,1.76,175,143,73,0.73,574,Yoga,22.1,3.5,3,1,29.7,Obese,43.8,13.10502283,Medium
36,Male,56.2,1.95,183,128,64,1.09,767,Strength,22.5,3.4,4,2,14.78,Underweight,65.4,11.72782875,High
45,Male,58.4,1.72,194,150,65,1.31,973,HIIT,23.4,3.1,4,2,19.74,Normal,78.6,12.37913486,High
43,Male,82.9,1.95,181,160,70,1.9,1505,Cardio,12.9,3.5,5,3,21.8,Normal,114,13.20175439,High
54,Female,66.9,1.74,195,129,62,1.24,720,HIIT,29.5,2.1,2,1,22.1,Normal,74.4,9.677419355,High
43,Male,66.3,1.85,170,121,58,1.18,707,Cardio,27.5,3.2,2,1,19.37,Normal,70.8,9.985875706,High
40,Male,93.6,1.93,188,157,60,1.38,1192,Cardio,22.1,2,3,1,25.13,Obese,82.8,14.39613527,High
26,Female,64.1,1.5,194,134,60,1.93,1293,Strength,15.1,2.7,5,3,28.49,Obese,115.8,11.16580311,High
29,Male,86.7,1.62,174,122,55,1.52,1020,Strength,13.9,3.5,4,3,33.04,Overweight,91.2,11.18421053,High
18,Female,62,1.59,190,162,50,1.23,996,Strength,33.2,2.2,4,2,24.52,Normal,73.8,13.49593496,High
18,Female,58.1,1.61,175,150,71,1.9,1425,Yoga,15.3,2.7,4,3,22.41,Normal,114,12.5,High
51,Female,64.9,1.6,169,125,55,1.49,838,Yoga,31.1,2.5,4,2,25.35,Obese,89.4,9.37360179,High
49,Female,69.3,1.62,191,122,62,1.14,626,HIIT,28.8,1.9,4,2,26.41,Obese,68.4,9.152046784,High
42,Female,42.7,1.74,161,130,71,1.04,608,Strength,32.9,1.6,3,1,14.1,Underweight,62.4,9.743589744,High
57,Female,51.4,1.63,183,134,73,1.2,724,Yoga,33.7,2,4,2,19.35,Normal,72,10.05555556,High
18,Female,67.4,1.6,182,164,71,0.6,492,Strength,33.5,2.4,3,1,26.33,Obese,36,13.66666667,Medium
33,Female,55.6,1.61,161,147,54,1.77,1301,Yoga,18.9,2.7,4,3,21.45,Normal,106.2,12.25047081,High
56,Male,125.3,1.86,197,129,64,1,639,Yoga,22.7,2.2,3,2,36.22,Overweight,60,10.65,Medium
22,Male,102.1,1.85,190,157,67,1.48,1278,Cardio,28.1,2.4,4,2,29.83,Obese,88.8,14.39189189,High
39,Male,61.9,1.77,199,166,69,1.32,1205,Strength,25.3,2.3,3,1,19.76,Normal,79.2,15.21464646,High
46,Male,108.8,1.64,185,169,63,1.4,1171,Strength,20.5,3.4,3,1,40.45,Overweight,84,13.94047619,High
20,Female,51.1,1.58,188,169,64,0.5,422,Yoga,29.6,1.6,2,1,20.47,Normal,30,14.06666667,Medium
29,Male,81.7,1.99,162,126,54,1.45,1005,Strength,29.4,3.2,2,1,20.63,Normal,87,11.55172414,High
43,Female,42.7,1.66,173,134,53,0.73,440,Yoga,33.9,1.9,2,1,15.5,Underweight,43.8,10.0456621,Medium
33,Male,81.8,1.99,184,137,51,1.59,1198,Strength,10.5,3.5,4,3,20.66,Normal,95.4,12.55765199,High
54,Male,54.6,1.76,160,137,56,1.28,868,Cardio,27.4,3.3,4,2,17.63,Underweight,76.8,11.30208333,High
39,Male,107.7,1.88,162,160,59,0.72,634,Strength,28.1,3.6,2,1,30.47,Overweight,43.2,14.67592593,Medium
46,Female,56.9,1.6,185,143,65,0.88,566,Cardio,27.7,1.6,3,1,22.23,Normal,52.8,10.71969697,Medium
31,Male,78.8,1.71,177,121,59,1.49,992,HIIT,24.7,2.5,4,2,26.95,Obese,89.4,11.09619687,High
45,Female,48.2,1.64,168,159,67,1.25,894,Strength,32.1,2.5,4,2,17.92,Underweight,75,11.92,High
22,Female,50.7,1.59,197,139,66,1.27,883,Strength,29.4,1.8,3,2,20.05,Normal,76.2,11.58792651,High
47,Male,86.6,1.99,182,153,70,1.98,1500,Strength,10.6,3.5,4,3,21.87,Normal,118.8,12.62626263,High
22,Male,96.3,1.63,180,162,62,1.35,1203,Cardio,27.1,2.4,4,2,36.25,Overweight,81,14.85185185,High
29,Male,80.8,1.98,160,145,50,1.65,1316,Strength,14.6,3.5,5,3,20.61,Normal,99,13.29292929,High
33,Female,58,1.53,180,126,50,1.84,1159,Strength,18.3,2.7,5,3,24.78,Normal,110.4,10.49818841,High
43,Male,95.9,1.85,186,157,64,1.28,995,Yoga,27.7,3.4,2,1,28.02,Obese,76.8,12.95572917,High
43,Female,61.5,1.58,165,149,50,1.86,1247,HIIT,16.8,2.7,5,3,24.64,Normal,111.6,11.17383513,High
38,Female,40.6,1.79,195,161,55,0.62,499,Cardio,26.8,2.7,2,1,12.67,Underweight,37.2,13.41397849,Medium
56,Male,82.5,1.87,187,124,74,1.51,927,Yoga,13.2,3.5,5,3,23.59,Normal,90.6,10.23178808,High
53,Male,105.1,1.84,176,130,62,0.69,444,Cardio,23.3,2.9,3,1,31.04,Overweight,41.4,10.72463768,Medium
50,Female,58.1,1.58,199,120,50,1.93,1042,Yoga,19.3,2.7,5,3,23.27,Normal,115.8,8.998272884,High
47,Female,61,1.76,162,153,54,1.54,1060,HIIT,15.6,2.7,5,3,19.69,Normal,92.4,11.47186147,High
54,Female,64.5,1.53,171,120,58,1.74,940,Yoga,17.2,2.7,4,3,27.55,Obese,104.4,9.003831418,High
40,Male,58.2,1.98,198,138,74,1.43,1085,Cardio,24,2.5,3,2,14.85,Underweight,85.8,12.64568765,High
27,Female,69.5,1.76,171,121,66,0.94,569,Strength,34.4,2,3,1,22.44,Normal,56.4,10.08865248,Medium
22,Male,62.2,1.84,161,140,65,0.51,393,Strength,21.5,2.3,3,1,18.37,Underweight,30.6,12.84313725,Medium
53,Female,68,1.7,181,139,57,1.06,663,HIIT,25.1,2.4,4,2,23.53,Normal,63.6,10.4245283,High
51,Female,56.3,1.5,182,142,66,1.43,914,Cardio,27.4,2.4,3,1,25.02,Obese,85.8,10.65268065,High
48,Male,94.5,1.7,189,140,64,1.01,700,Cardio,28.2,3.5,3,2,32.7,Overweight,60.6,11.55115512,High
27,Female,58,1.79,164,143,73,1.39,994,Cardio,27.1,1.5,2,1,18.1,Underweight,83.4,11.91846523,High
36,Male,84,1.94,168,123,50,1.8,1218,HIIT,11.2,3.5,5,3,22.32,Normal,108,11.27777778,High
49,Male,61,1.87,180,131,61,1.14,739,Strength,21.3,3,4,2,17.44,Underweight,68.4,10.80409357,High
18,Female,64.8,1.53,170,141,54,1.98,1396,Yoga,18.6,2.7,5,3,27.68,Obese,118.8,11.75084175,High
22,Male,45.7,1.77,164,139,73,1.04,795,HIIT,20.7,2.4,3,1,14.59,Underweight,62.4,12.74038462,High
21,Male,80.9,1.9,194,137,55,1.8,1356,Yoga,11.7,3.5,4,3,22.41,Normal,108,12.55555556,High
33,Female,64.1,1.63,186,120,74,1.58,948,Strength,16.4,2.7,5,3,24.13,Normal,94.8,10,High
41,Male,67,1.77,161,149,50,1.22,900,HIIT,25.6,2.6,3,2,21.39,Normal,73.2,12.29508197,High
33,Male,106.5,1.6,183,152,74,1.4,1170,Strength,27.3,3.3,4,2,41.6,Overweight,84,13.92857143,High
19,Male,95.1,1.85,190,143,50,1.21,952,Yoga,25.3,2.3,4,2,27.79,Obese,72.6,13.11294766,High
45,Female,65.5,1.57,192,133,59,0.66,395,Cardio,34.3,2.3,2,1,26.57,Obese,39.6,9.974747475,Medium
49,Male,105.7,1.64,198,155,59,1.2,921,Cardio,29.5,3.1,3,2,39.3,Overweight,72,12.79166667,High
44,Female,48,1.76,189,124,52,0.88,491,Yoga,28.6,2.6,2,1,15.5,Underweight,52.8,9.299242424,Medium
37,Female,69.5,1.5,196,130,66,0.69,448,Cardio,32.8,2.4,2,1,30.89,Overweight,41.4,10.82125604,Medium
41,Male,66.1,1.69,187,143,68,0.77,545,Yoga,27.4,3.4,2,1,23.14,Normal,46.2,11.7965368,Medium
29,Male,68,1.7,190,150,60,0.76,627,HIIT,28.9,2.9,2,1,23.53,Normal,45.6,13.75,Medium
52,Male,50.3,1.78,170,132,67,0.85,555,HIIT,24.5,2.3,2,1,15.88,Underweight,51,10.88235294,Medium
50,Female,69.3,1.68,182,135,51,1.2,729,HIIT,30.3,2,2,1,24.55,Normal,72,10.125,High
50,Male,86.7,1.63,161,143,58,1.7,1203,Cardio,12.1,3.5,4,3,32.63,Overweight,102,11.79411765,High
54,Male,125.9,1.94,199,132,73,1.35,882,Strength,28.5,2.9,3,2,33.45,Overweight,81,10.88888889,High
29,Male,88.1,1.93,186,143,66,1.88,1479,Cardio,11.1,3.5,5,3,23.65,Normal,112.8,13.11170213,High
20,Male,124.3,1.82,194,145,63,1.25,997,Cardio,22.4,3.2,3,2,37.53,Overweight,75,13.29333333,High
18,Male,62,1.85,161,121,53,0.88,586,Strength,23.7,3,3,1,18.12,Underweight,52.8,11.09848485,Medium
50,Female,69.7,1.72,198,135,66,1.24,753,Strength,27.3,2,4,2,23.56,Normal,74.4,10.12096774,High
57,Female,60.9,1.52,196,157,66,1.31,926,Strength,30.6,1.8,3,2,26.36,Obese,78.6,11.78117048,High
27,Male,76.5,1.97,180,165,61,1.13,1025,Strength,21.3,2.3,2,1,19.71,Normal,67.8,15.1179941,High
46,Male,94.7,1.82,164,120,69,1.47,873,Cardio,23.2,3.2,3,2,28.59,Obese,88.2,9.897959184,High
30,Male,67.9,1.75,180,168,67,1.25,1155,Yoga,29.1,3.1,2,1,22.17,Normal,75,15.4,High
29,Male,121.1,1.87,188,130,52,1.31,937,HIIT,24.1,3.2,4,2,34.63,Overweight,78.6,11.92111959,High
48,Female,71.5,1.64,179,154,60,1.46,1012,Yoga,32.5,1.9,4,2,26.58,Obese,87.6,11.55251142,High
19,Male,98.6,1.7,197,162,74,0.83,740,Cardio,21.1,2.4,2,1,34.12,Overweight,49.8,14.85943775,Medium
52,Female,68.2,1.63,179,148,67,1.17,779,Strength,27.5,2.4,3,1,25.67,Obese,70.2,11.0968661,High
40,Female,57.7,1.69,184,156,53,1.18,920,HIIT,33.1,2.4,4,2,20.2,Normal,70.8,12.99435028,High
34,Male,124.6,1.63,161,136,66,1.41,1055,HIIT,27.6,2.8,3,2,46.9,Overweight,84.6,12.47044917,High
43,Female,73,1.59,191,158,67,1.31,931,Yoga,28.9,2.2,3,1,28.88,Obese,78.6,11.84478372,High
25,Female,59.4,1.51,185,161,54,1.62,1304,Cardio,19.8,2.7,5,3,26.05,Obese,97.2,13.41563786,High
46,Female,52,1.65,165,147,63,0.7,463,Cardio,34.1,1.9,2,1,19.1,Normal,42,11.02380952,Medium
43,Female,42.2,1.65,162,148,59,1.33,886,Cardio,34.6,2.3,3,2,15.5,Underweight,79.8,11.10275689,High
27,Male,89.3,1.64,192,162,64,1.82,1622,HIIT,12.1,3.5,4,3,33.2,Overweight,109.2,14.85347985,High
43,Male,110,1.76,160,122,50,1.09,658,Yoga,22,3.4,3,1,35.51,Overweight,65.4,10.06116208,High
51,Female,66.2,1.58,164,129,65,0.86,499,HIIT,31.3,2.3,3,1,26.52,Obese,51.6,9.670542636,Medium
58,Male,58.6,1.66,172,161,60,1.21,964,HIIT,26.8,2.9,2,1,21.27,Normal,72.6,13.27823691,High
24,Male,51,1.67,178,133,72,0.97,710,Strength,21.3,2.8,3,1,18.29,Underweight,58.2,12.19931271,Medium
21,Male,101.5,1.95,171,131,69,0.97,699,Yoga,27.9,3.1,3,1,26.69,Obese,58.2,12.01030928,Medium
28,Male,114.2,1.87,184,166,55,1.05,959,Strength,20.2,3.2,3,2,32.66,Overweight,63,15.22222222,High
46,Male,54.4,1.72,194,161,73,0.91,725,Cardio,24.8,2.9,2,1,18.39,Underweight,54.6,13.27838828,Medium
53,Female,52.4,1.57,171,149,71,1.34,898,HIIT,28.3,2.2,3,2,21.26,Normal,80.4,11.16915423,High
42,Male,85.2,1.81,189,151,65,1.54,1151,Yoga,13.7,3.5,5,3,26.01,Obese,92.4,12.45670996,High
38,Male,83.6,1.74,164,151,51,1.66,1379,Cardio,11.6,3.5,5,3,27.61,Obese,99.6,13.84538153,High
53,Male,115.4,1.92,193,161,50,1.36,1084,Yoga,28.3,2.2,4,2,31.3,Overweight,81.6,13.28431373,High
27,Male,71.2,1.97,181,151,73,0.74,615,HIIT,25.9,3.6,3,1,18.35,Underweight,44.4,13.85135135,Medium
54,Female,78.1,1.6,198,145,73,1.1,718,Yoga,32.9,2.4,4,2,30.51,Overweight,66,10.87878788,High
26,Female,54.2,1.65,172,120,58,1.07,642,Cardio,34.9,1.9,4,2,19.91,Normal,64.2,10,High
41,Female,77.6,1.76,162,161,71,1.27,920,Strength,31.8,2.2,4,2,25.05,Obese,76.2,12.07349081,High
52,Female,44.1,1.62,179,121,61,1.41,768,HIIT,34.8,1.6,3,1,16.8,Underweight,84.6,9.078014184,High
52,Male,85.5,1.8,190,136,66,1.7,1144,Strength,10.1,3.5,5,3,26.39,Obese,102,11.21568627,High
53,Female,47.8,1.76,164,149,74,1.06,711,HIIT,28.4,1.5,4,2,15.43,Underweight,63.6,11.17924528,High
35,Male,102.5,1.94,183,158,64,0.84,730,Cardio,21.1,2.4,2,1,27.23,Obese,50.4,14.48412698,Medium
56,Male,118,1.9,199,126,68,0.66,412,HIIT,22.6,3.2,2,1,32.69,Overweight,39.6,10.4040404,Medium
49,Male,82.3,1.84,192,146,71,1.29,932,Strength,28.4,3.4,4,2,24.31,Normal,77.4,12.04134367,High
41,Male,81.6,1.87,167,128,59,1.87,1185,HIIT,10.2,3.5,5,3,23.33,Normal,112.2,10.56149733,High
40,Male,60.2,1.88,183,141,61,1.22,946,Cardio,25.2,3,3,2,17.03,Underweight,73.2,12.92349727,High
49,Female,49.2,1.54,179,153,63,1.28,881,HIIT,30.7,2.1,3,2,20.75,Normal,76.8,11.47135417,High
54,Female,46.6,1.5,175,165,58,1.38,1025,Strength,30.6,2,2,1,20.71,Normal,82.8,12.37922705,High
29,Female,68.7,1.72,171,168,62,1.08,907,Cardio,29.8,1.7,4,2,23.22,Normal,64.8,13.99691358,High
30,Female,60.6,1.55,172,120,52,1.3,780,Strength,32.9,1.6,3,2,25.22,Obese,78,10,High
40,Male,52.1,1.61,198,128,70,0.87,612,HIIT,21.3,3.3,2,1,20.1,Normal,52.2,11.72413793,Medium
42,Female,46.6,1.77,184,139,63,0.61,382,Yoga,28.1,2.6,2,1,14.87,Underweight,36.6,10.43715847,Medium
52,Male,65.5,1.74,191,138,70,1.48,1011,Strength,26.2,2.8,4,2,21.63,Normal,88.8,11.38513514,High
58,Female,44.2,1.57,183,155,59,1.08,753,HIIT,31.9,2.3,3,1,17.93,Underweight,64.8,11.62037037,High
47,Male,89.1,1.84,168,159,65,1.44,1133,Yoga,24,3.6,3,2,26.32,Obese,86.4,13.11342593,High
34,Male,65.9,1.62,199,164,56,0.81,731,Yoga,28.8,2.2,2,1,25.11,Obese,48.6,15.04115226,Medium
37,Female,55.6,1.57,182,123,53,0.97,597,Cardio,29.2,2.4,2,1,22.56,Normal,58.2,10.25773196,Medium
42,Male,63.7,1.98,172,128,69,1.37,868,Yoga,24,3,2,1,16.25,Underweight,82.2,10.55961071,High
39,Male,86.2,1.82,191,160,72,1.96,1725,Strength,10.2,3.5,5,3,26.02,Obese,117.6,14.66836735,High
30,Female,59.2,1.63,174,141,74,1.85,1304,Strength,17.8,2.7,4,3,22.28,Normal,111,11.74774775,High
36,Male,85.4,1.88,195,137,60,1.98,1492,Yoga,13.5,3.5,5,3,24.16,Normal,118.8,12.55892256,High
53,Female,68.1,1.55,164,131,65,1.41,831,HIIT,26.1,2.2,4,2,28.35,Obese,84.6,9.822695035,High
29,Female,60,1.62,181,161,69,0.85,684,Strength,28.1,1.9,2,1,22.86,Normal,51,13.41176471,Medium
58,Female,74.8,1.69,175,162,53,1.28,933,Strength,32.8,2.3,4,2,26.19,Obese,76.8,12.1484375,High
36,Male,90.3,1.65,169,158,71,1.38,1199,Cardio,23.7,3.4,4,2,33.17,Overweight,82.8,14.48067633,High
29,Male,86.1,1.65,183,128,71,1.66,1169,HIIT,11.2,3.5,4,3,31.63,Overweight,99.6,11.73694779,High
26,Male,73.7,1.66,177,125,72,0.93,639,Yoga,26.7,2.2,2,1,26.75,Obese,55.8,11.4516129,Medium
24,Female,67.7,1.56,177,138,66,1.42,980,HIIT,27,2.1,3,2,27.82,Obese,85.2,11.50234742,High
45,Male,78.3,1.96,166,167,62,1.29,1066,Cardio,29,2.2,3,1,20.38,Normal,77.4,13.77260982,High
31,Female,48.2,1.65,163,166,60,1.1,913,Cardio,26.1,2.5,2,1,17.7,Underweight,66,13.83333333,High
48,Female,56.8,1.51,185,126,52,1.37,777,HIIT,32.1,2.1,4,2,24.91,Normal,82.2,9.452554745,High
36,Male,112.4,1.63,164,135,58,1.02,757,Cardio,25,3.4,4,2,42.3,Overweight,61.2,12.36928105,High
33,Female,59,1.67,175,124,55,0.9,558,Cardio,33.7,1.9,3,1,21.16,Normal,54,10.33333333,Medium
22,Male,98.4,1.88,194,135,71,0.52,386,Cardio,21.3,2.2,2,1,27.84,Obese,31.2,12.37179487,Medium
52,Male,66.5,1.6,185,120,70,1.34,796,HIIT,26.8,2.1,4,2,25.98,Obese,80.4,9.900497512,High
29,Male,106.5,1.81,177,156,60,1.29,1107,Cardio,25.7,2.5,4,2,32.51,Overweight,77.4,14.30232558,High
42,Male,88.4,1.93,188,158,65,1.68,1314,Yoga,12.4,3.5,4,3,23.73,Normal,100.8,13.03571429,High
38,Male,88.4,1.79,182,138,68,1.74,1321,Yoga,12.5,3.5,5,3,27.59,Obese,104.4,12.6532567,High
53,Female,53.3,1.74,173,156,54,1.37,962,Strength,32.2,1.8,3,2,17.6,Underweight,82.2,11.70316302,High
40,Female,58.1,1.56,174,136,63,0.61,415,Yoga,34.4,2.2,2,1,23.87,Normal,36.6,11.33879781,Medium
33,Female,74.2,1.76,192,145,66,1.15,834,Strength,25.9,1.5,4,2,23.95,Normal,69,12.08695652,High
56,Male,84.6,1.63,184,141,52,1.01,705,HIIT,20.2,2.9,4,2,31.84,Overweight,60.6,11.63366337,High
59,Male,78,1.92,180,127,53,0.72,453,Cardio,28.1,2.7,3,1,21.16,Normal,43.2,10.48611111,Medium
56,Male,89,1.68,176,152,65,1.77,1332,Yoga,10.5,3.5,5,3,31.53,Overweight,106.2,12.54237288,High
31,Female,42.7,1.76,182,121,65,1.46,883,Strength,34.9,2.2,3,1,13.78,Underweight,87.6,10.07990868,High
48,Male,83.9,1.82,176,149,70,1.9,1401,HIIT,13.1,3.5,5,3,25.33,Obese,114,12.28947368,High
22,Female,78.7,1.52,173,166,74,1.45,1204,Strength,31.5,2.3,3,2,34.06,Overweight,87,13.83908046,High
52,Female,65.9,1.52,188,139,53,1.27,794,Cardio,27,2.3,4,2,28.52,Obese,76.2,10.41994751,High
40,Male,76.9,1.92,179,137,68,1.13,851,Yoga,22.4,3.7,4,2,20.86,Normal,67.8,12.55162242,High
46,Male,84.3,2,189,162,66,1.83,1467,HIIT,13.3,3.5,5,3,21.07,Normal,109.8,13.36065574,High
28,Female,62.4,1.6,178,129,62,1.1,710,Strength,34.1,1.7,3,2,24.37,Normal,66,10.75757576,High
35,Male,63.7,1.74,198,143,71,1.03,810,HIIT,29.8,2.7,4,2,21.04,Normal,61.8,13.10679612,High
29,Female,54.9,1.52,172,123,72,1.48,910,Strength,27,2,3,1,23.76,Normal,88.8,10.24774775,High
26,Male,76.4,1.79,177,156,73,1.17,1004,Strength,21.3,2.7,3,2,23.84,Normal,70.2,14.3019943,High
27,Male,106.4,1.86,182,123,50,1.34,907,Cardio,20.6,3.1,2,1,30.76,Overweight,80.4,11.28109453,High
34,Female,68.4,1.5,192,132,61,1.37,904,Cardio,33.7,2.1,4,2,30.4,Overweight,82.2,10.99756691,High
55,Male,63.5,1.86,198,144,53,1.36,969,Strength,22.9,2.9,4,2,18.35,Underweight,81.6,11.875,High
24,Female,59.4,1.5,199,132,60,1.25,825,Yoga,25,2,3,2,26.4,Obese,75,11,High
30,Male,113.4,1.91,177,137,54,1.27,957,HIIT,22.2,3.7,3,1,31.08,Overweight,76.2,12.55905512,High
57,Female,61.9,1.52,168,143,51,0.92,592,HIIT,28.4,2.6,3,1,26.79,Obese,55.2,10.72463768,Medium
59,Female,70.7,1.68,192,121,66,1.17,637,Cardio,34.9,1.9,3,2,25.05,Obese,70.2,9.074074074,High
26,Male,111.5,1.9,191,167,57,1.02,937,Yoga,25.2,2.2,2,1,30.89,Overweight,61.2,15.31045752,High
44,Female,72.1,1.66,176,152,55,1.4,958,Strength,27,2.5,2,1,26.16,Obese,84,11.4047619,High
19,Male,56.9,1.87,178,138,70,0.61,463,Cardio,23.3,3.7,3,1,16.27,Underweight,36.6,12.65027322,Medium
22,Male,86.2,1.9,186,128,58,1.91,1345,Strength,11.7,3.5,5,3,23.88,Normal,114.6,11.73647469,High
46,Male,59.4,1.68,165,147,62,1.16,844,Strength,20.2,2.5,4,2,21.05,Normal,69.6,12.12643678,High
54,Female,75.6,1.72,194,154,60,0.97,672,Cardio,26.4,1.9,3,1,25.55,Obese,58.2,11.54639175,Medium
55,Female,76.3,1.73,196,158,65,1.08,768,Yoga,32,2.6,3,1,25.49,Obese,64.8,11.85185185,High
36,Male,95.8,1.86,193,129,65,1.37,972,HIIT,21.2,3.2,3,1,27.69,Obese,82.2,11.82481752,High
25,Male,120.6,1.83,179,120,51,1.04,686,Cardio,22.3,2.5,3,2,36.01,Overweight,62.4,10.99358974,High
18,Female,65.3,1.55,184,161,59,1.42,1143,Yoga,28.5,2.2,3,2,27.18,Obese,85.2,13.41549296,High
39,Male,85.3,1.89,163,140,61,0.77,593,Strength,27.6,3.6,2,1,23.88,Normal,46.2,12.83549784,Medium
34,Male,68,1.68,169,128,57,0.67,472,Cardio,25.8,3.4,2,1,24.09,Normal,40.2,11.74129353,Medium
24,Female,52.6,1.57,169,166,60,1.29,1071,HIIT,31.9,2.4,2,1,21.34,Normal,77.4,13.8372093,High
42,Male,63.3,1.77,183,134,59,1.32,876,HIIT,25.7,3.3,3,2,20.2,Normal,79.2,11.06060606,High
21,Female,76.3,1.65,180,154,62,1.14,878,Strength,31.8,1.7,3,2,28.03,Obese,68.4,12.83625731,High
53,Male,61,1.63,170,124,74,0.54,331,Cardio,20,3.4,3,1,22.96,Normal,32.4,10.21604938,Medium
23,Female,67.8,1.61,186,160,66,1.34,1072,HIIT,34.3,1.8,2,1,26.16,Obese,80.4,13.33333333,High
48,Male,114.9,1.86,175,141,56,1.36,949,Cardio,21.1,3.6,3,1,33.21,Overweight,81.6,11.62990196,High
36,Male,88,1.71,185,160,73,1.87,1646,HIIT,12,3.5,5,3,30.09,Overweight,112.2,14.67023173,High
56,Female,67.7,1.58,189,142,52,1.45,927,Strength,32.7,1.9,2,1,27.12,Obese,87,10.65517241,High
44,Male,124.8,1.85,175,126,69,1.35,842,Strength,24.4,3.5,4,2,36.46,Overweight,81,10.39506173,High
27,Female,53,1.58,166,142,62,1.26,895,Cardio,34.5,1.8,4,2,21.23,Normal,75.6,11.83862434,High
43,Male,61.2,1.88,175,163,68,1.03,831,Yoga,24.7,2.9,3,1,17.32,Underweight,61.8,13.44660194,High
36,Female,48.7,1.68,194,144,56,1.23,886,Yoga,33.7,1.6,3,1,17.25,Underweight,73.8,12.00542005,High
56,Female,50.6,1.7,175,146,58,1.29,848,Strength,33.1,2.3,2,1,17.51,Underweight,77.4,10.95607235,High
20,Female,72.6,1.73,199,160,68,1.27,1016,HIIT,34.8,2.5,3,2,24.26,Normal,76.2,13.33333333,High
30,Female,70.4,1.56,171,125,62,1.03,644,Yoga,34.3,2.4,4,2,28.93,Obese,61.8,10.42071197,High
45,Male,52.5,1.88,194,153,71,1.08,818,Strength,29,2.9,4,2,14.85,Underweight,64.8,12.62345679,High
37,Male,76.3,1.77,180,128,57,1.36,957,HIIT,27.3,2.1,4,2,24.35,Normal,81.6,11.72794118,High
45,Female,41.2,1.58,195,168,71,1.47,1111,HIIT,28.7,2.6,2,1,16.5,Underweight,88.2,12.59637188,High
25,Female,55.3,1.76,176,152,67,1.56,1186,Yoga,15.5,2.7,4,3,17.85,Underweight,93.6,12.67094017,High
58,Female,49.7,1.67,191,125,72,1.38,776,Strength,31.9,2.3,4,2,17.82,Underweight,82.8,9.371980676,High
56,Male,48.3,1.87,165,156,51,0.68,525,HIIT,29.8,3.3,3,1,13.81,Underweight,40.8,12.86764706,Medium
18,Male,83.2,1.96,183,150,67,1.83,1510,HIIT,13.6,3.5,4,3,21.66,Normal,109.8,13.75227687,High
20,Male,120.5,1.73,186,153,67,1.01,850,Cardio,29.3,3.4,3,2,40.26,Overweight,60.6,14.02640264,High
30,Male,121.6,2,179,160,60,1.24,1091,Cardio,28,3.3,4,2,30.4,Overweight,74.4,14.66397849,High
45,Female,73,1.75,184,148,50,1.14,759,Yoga,26.6,2,4,2,23.84,Normal,68.4,11.09649123,High
42,Female,57.5,1.67,161,133,63,1.76,1053,Cardio,16.2,2.7,5,3,20.62,Normal,105.6,9.971590909,High
50,Female,42.7,1.53,168,155,65,1.41,983,Strength,28.4,2.4,4,2,18.24,Underweight,84.6,11.61938534,High
55,Male,129.9,1.73,187,155,60,0.69,529,Yoga,21.7,3.1,3,1,43.4,Overweight,41.4,12.77777778,Medium
23,Male,108.6,1.92,197,134,50,0.89,656,Yoga,25.8,3.5,2,1,29.46,Obese,53.4,12.28464419,Medium
49,Male,88.6,2,162,127,56,1.83,1150,Cardio,14.9,3.5,4,3,22.15,Normal,109.8,10.47358834,High
38,Female,49.7,1.51,179,145,65,1.25,906,HIIT,32.6,2.5,3,1,21.8,Normal,75,12.08,High
33,Female,56.4,1.54,165,155,63,1.06,822,Strength,29.2,1.5,3,1,23.78,Normal,63.6,12.9245283,High
38,Male,46.9,1.74,198,167,64,1.03,946,Strength,20,2.6,4,2,15.49,Underweight,61.8,15.30744337,High
28,Female,71.3,1.67,192,140,63,1.46,1022,Strength,28.1,1.5,4,2,25.57,Obese,87.6,11.66666667,High
54,Male,71.6,1.86,160,147,70,1.14,830,Yoga,25.3,2.2,3,2,20.7,Normal,68.4,12.13450292,High
53,Male,82.3,1.61,196,123,60,1.87,1139,Strength,11.6,3.5,5,3,31.75,Overweight,112.2,10.15151515,High
52,Female,70.6,1.69,165,135,65,1.36,826,HIIT,26.1,2.2,3,1,24.72,Normal,81.6,10.12254902,High
36,Male,109.8,1.62,193,141,68,0.84,651,HIIT,24.4,3.5,3,1,41.84,Overweight,50.4,12.91666667,Medium
37,Female,73.5,1.69,174,131,66,0.54,354,Cardio,27.5,1.6,2,1,25.73,Obese,32.4,10.92592593,Medium
35,Male,85.6,1.85,185,135,55,1.78,1322,Strength,14.5,3.5,5,3,25.01,Obese,106.8,12.37827715,High
58,Female,74.6,1.68,173,159,60,1.03,737,Yoga,26,2,4,2,26.43,Obese,61.8,11.92556634,High
31,Female,63.2,1.8,166,157,66,0.59,463,Cardio,25.5,2.6,2,1,19.51,Normal,35.4,13.07909605,Medium
32,Female,62.6,1.63,190,161,58,1.67,1344,HIIT,15,2.7,5,3,23.56,Normal,100.2,13.41317365,High
48,Male,87.1,1.76,183,156,67,1.81,1398,Strength,11.6,3.5,5,3,28.12,Obese,108.6,12.87292818,High
18,Male,82.3,1.84,190,148,66,1.73,1408,HIIT,13.3,3.5,5,3,24.31,Normal,103.8,13.56454721,High
20,Female,64.3,1.78,188,137,61,1.71,1171,Cardio,18.7,2.7,4,3,20.29,Normal,102.6,11.41325536,High
33,Female,53.7,1.66,191,129,72,1.25,806,HIIT,29.5,2.5,3,1,19.49,Normal,75,10.74666667,High
40,Male,63,2,176,161,71,1.42,1257,Strength,26.8,2.9,4,2,15.75,Underweight,85.2,14.75352113,High
28,Male,128.4,1.86,173,158,71,1.06,921,Strength,23.6,3.3,4,2,37.11,Overweight,63.6,14.48113208,High
29,Male,88,1.89,199,137,54,1.75,1319,Cardio,13.3,3.5,5,3,24.64,Normal,105,12.56190476,High
27,Female,63.7,1.52,195,120,60,1.19,714,Strength,25.4,2.1,4,2,27.57,Obese,71.4,10,High
49,Male,83.7,1.87,183,158,53,1.29,1009,HIIT,23.9,2.3,4,2,23.94,Normal,77.4,13.03617571,High
33,Male,102.6,1.75,186,140,53,1.4,1078,HIIT,27.9,2.2,3,2,33.5,Overweight,84,12.83333333,High
25,Female,77.7,1.55,184,120,52,0.55,330,Yoga,33,1.7,2,1,32.34,Overweight,33,10,Medium
55,Male,87.5,1.88,191,134,73,1.19,789,Yoga,27.2,2.6,4,2,24.76,Normal,71.4,11.05042017,High
29,Male,87,1.86,177,123,72,1.52,1028,Yoga,11,3.5,4,3,25.15,Obese,91.2,11.27192982,High
41,Male,82.8,1.66,177,139,74,1.97,1355,HIIT,11.2,3.5,5,3,30.05,Overweight,118.2,11.46362098,High
45,Female,65.4,1.68,196,129,66,0.76,441,HIIT,35,2.6,3,1,23.17,Normal,45.6,9.671052632,Medium
25,Female,47.2,1.71,185,142,56,0.89,632,Cardio,26,2.5,2,1,16.14,Underweight,53.4,11.83520599,Medium
45,Female,58.2,1.7,168,160,53,0.95,684,Yoga,26.8,2,3,1,20.14,Normal,57,12,Medium
53,Female,73.5,1.55,194,153,72,1.17,806,HIIT,26.3,2.1,4,2,30.59,Overweight,70.2,11.48148148,High
43,Female,55.2,1.73,167,165,62,1.67,1240,Cardio,16.6,2.7,5,3,18.44,Underweight,100.2,12.3752495,High
25,Female,64.4,1.71,179,167,61,1.12,935,HIIT,27.1,1.8,3,1,22.02,Normal,67.2,13.91369048,High
45,Female,73.5,1.74,181,152,50,1.18,807,Cardio,30,2.3,4,2,24.28,Normal,70.8,11.39830508,High
45,Male,89.6,1.81,178,153,70,1.7,1287,Yoga,12.4,3.5,5,3,27.35,Obese,102,12.61764706,High
54,Male,86.5,1.76,189,158,68,1.48,1158,Yoga,29,3.4,3,2,27.92,Obese,88.8,13.04054054,High
58,Female,46.1,1.67,187,129,70,1.28,743,Yoga,25.3,1.8,4,2,16.53,Underweight,76.8,9.674479167,High
53,Male,68.5,1.97,194,139,69,1.3,894,HIIT,23.2,2.1,3,2,17.65,Underweight,78,11.46153846,High
44,Male,94.6,1.84,170,120,67,1.26,748,HIIT,26,3.1,4,2,27.94,Obese,75.6,9.894179894,High
34,Female,54.2,1.52,190,132,60,1.13,746,Cardio,31,2.2,3,1,23.46,Normal,67.8,11.00294985,High
26,Male,47.7,1.77,198,120,69,1.15,759,Strength,24.8,2.7,3,2,15.23,Underweight,69,11,High
50,Male,52.2,1.84,195,124,52,1.38,847,Strength,28.2,3.1,4,2,15.42,Underweight,82.8,10.2294686,High
37,Male,88.8,1.95,189,135,66,1.58,1173,Yoga,10.3,3.5,5,3,23.35,Normal,94.8,12.37341772,High
30,Male,101,1.68,182,134,61,1.46,1076,Strength,28.2,2.9,4,2,35.79,Overweight,87.6,12.28310502,High
45,Male,118.4,1.95,178,168,59,1.06,881,Yoga,24.9,2.4,3,2,31.14,Overweight,63.6,13.85220126,High
46,Female,47.9,1.72,171,147,57,1.41,933,Cardio,26.3,2,3,1,16.19,Underweight,84.6,11.02836879,High
30,Female,51.5,1.74,174,150,64,1.08,810,Strength,33.9,2,3,2,17.01,Underweight,64.8,12.5,High
52,Female,79.9,1.51,190,142,54,0.75,479,Strength,31.5,2.6,3,1,35.04,Overweight,45,10.64444444,Medium
23,Male,121.3,1.85,196,167,53,0.72,661,Yoga,21.6,3.6,2,1,35.44,Overweight,43.2,15.30092593,Medium
35,Female,78.9,1.64,196,164,70,1.28,1050,Cardio,25.3,2.6,4,2,29.34,Obese,76.8,13.671875,High
22,Male,88.5,1.62,174,162,69,1.88,1675,Strength,10.7,3.5,5,3,33.72,Overweight,112.8,14.84929078,High
42,Male,73.5,1.63,188,136,68,0.52,350,Strength,26.1,3.2,3,1,27.66,Obese,31.2,11.21794872,Medium
19,Male,127.9,1.93,185,168,70,1.27,1173,Strength,21.8,3,4,2,34.34,Overweight,76.2,15.39370079,High
27,Male,88.5,1.98,161,153,53,1.8,1515,Cardio,11.1,3.5,4,3,22.57,Normal,108,14.02777778,High
47,Female,43.4,1.62,179,132,64,0.51,303,Cardio,25.3,2.3,3,1,16.54,Underweight,30.6,9.901960784,Medium
22,Female,42.8,1.56,174,133,66,1.47,978,Strength,32.2,2.6,3,2,17.59,Underweight,88.2,11.08843537,High
50,Male,64.5,1.79,163,130,61,1.17,753,Yoga,28.1,2.4,4,2,20.13,Normal,70.2,10.72649573,High
18,Female,50.7,1.53,181,147,52,1.29,948,Yoga,33,2.1,3,2,21.66,Normal,77.4,12.24806202,High
35,Male,59.2,1.66,197,161,59,1.3,1151,Strength,21.3,3.2,3,1,21.48,Normal,78,14.75641026,High
49,Female,78.9,1.73,182,151,64,1.38,938,Cardio,34,2.3,2,1,26.36,Obese,82.8,11.32850242,High
28,Female,78.7,1.63,185,154,59,1.1,847,Strength,31.7,1.8,3,2,29.62,Obese,66,12.83333333,High
38,Male,68.7,1.92,170,150,73,1.31,1081,Cardio,29,3,4,2,18.64,Normal,78.6,13.75318066,High
43,Female,53.1,1.59,187,136,72,0.82,502,Strength,29.5,2.5,2,1,21,Normal,49.2,10.20325203,Medium
42,Male,64.8,1.65,161,166,67,1.1,904,Cardio,24.4,2.8,3,2,23.8,Normal,66,13.6969697,High
39,Female,50.3,1.61,167,128,50,1.17,749,HIIT,32.8,2.5,2,1,19.41,Normal,70.2,10.66951567,High
44,Male,102.3,1.63,188,129,52,1.34,856,Yoga,20.9,2.6,4,2,38.5,Overweight,80.4,10.64676617,High
30,Male,62.9,1.92,170,127,70,1.13,789,HIIT,25.2,3.6,2,1,17.06,Underweight,67.8,11.63716814,High
50,Female,56.5,1.6,196,140,61,1.88,1184,Yoga,19.2,2.7,5,3,22.07,Normal,112.8,10.4964539,High
51,Female,74.6,1.55,177,132,50,0.71,422,Cardio,33.3,2.1,2,1,31.05,Overweight,42.6,9.906103286,Medium
58,Male,52,1.79,173,169,52,1.12,937,HIIT,29.6,3,3,1,16.23,Underweight,67.2,13.94345238,High
52,Female,52.1,1.67,169,124,52,1.5,837,Yoga,32,1.5,2,1,18.68,Normal,90,9.3,High
18,Female,72.2,1.54,194,125,54,0.97,606,Strength,27.1,1.7,2,1,30.44,Overweight,58.2,10.41237113,Medium
38,Male,85.8,1.8,168,149,68,1.72,1410,Cardio,10.1,3.5,4,3,26.48,Obese,103.2,13.6627907,High
23,Male,81.4,1.85,194,150,74,1.6,1320,Cardio,12.4,3.5,4,3,23.78,Normal,96,13.75,High
45,Female,50.9,1.65,170,136,50,1.45,887,Strength,30.1,2.3,2,1,18.7,Normal,87,10.1954023,High
34,Male,52,1.78,171,130,53,1.38,987,Strength,22.4,2.7,4,2,16.41,Underweight,82.8,11.92028986,High
22,Male,71,1.93,162,139,53,1.42,1086,Yoga,21.2,2.9,4,2,19.06,Normal,85.2,12.74647887,High
48,Male,80.6,1.77,198,167,66,1.51,1248,Cardio,12.9,3.5,4,3,25.73,Obese,90.6,13.77483444,High
22,Female,58.3,1.72,173,128,63,1,640,Yoga,32.6,1.6,3,2,19.71,Normal,60,10.66666667,Medium
55,Female,63,1.7,187,121,67,1.32,719,Strength,34.9,2.5,3,1,21.8,Normal,79.2,9.078282828,High
20,Male,111,1.94,170,156,50,1.02,875,Cardio,27.6,3.3,4,2,29.49,Obese,61.2,14.29738562,High
40,Female,52.6,1.66,198,120,71,1.27,762,Strength,32.9,1.7,3,2,19.09,Normal,76.2,10,High
54,Male,116.4,2,184,123,65,1.13,688,Yoga,26.2,3.1,3,1,29.1,Obese,67.8,10.14749263,High
54,Female,75.6,1.61,180,155,52,1.41,983,Yoga,34.9,2.5,4,2,29.17,Obese,84.6,11.61938534,High
27,Male,61.6,1.8,169,144,72,1.48,1172,Yoga,26.4,3.1,2,1,19.01,Normal,88.8,13.1981982,High
27,Male,108,1.8,174,122,70,1.38,926,Cardio,28.6,2.5,4,2,33.33,Overweight,82.8,11.18357488,High
36,Female,59.3,1.75,178,128,58,0.99,634,Strength,34.5,2.3,3,1,19.36,Normal,59.4,10.67340067,Medium
34,Male,75.7,1.94,181,141,72,1.18,915,Strength,29.3,2.4,4,2,20.11,Normal,70.8,12.92372881,High
38,Female,56.3,1.6,180,142,53,1.21,859,Yoga,28.8,1.9,4,2,21.99,Normal,72.6,11.83195592,High
31,Female,58.2,1.73,191,131,70,1.17,766,Yoga,25.8,1.8,3,2,19.45,Normal,70.2,10.91168091,High
26,Male,55.7,1.68,182,129,54,1.13,802,Yoga,21.7,2.9,3,1,19.73,Normal,67.8,11.82890855,High
18,Male,125.9,1.67,172,153,60,1.46,1229,Yoga,20.6,2.2,3,2,45.14,Overweight,87.6,14.02968037,High
30,Female,62.7,1.67,164,162,70,1.02,826,HIIT,26.1,2.6,4,2,22.48,Normal,61.2,13.49673203,High
21,Male,86.6,1.86,163,129,58,1.37,972,HIIT,21.8,2.6,3,2,25.03,Obese,82.2,11.82481752,High
18,Male,64.5,1.82,187,149,52,1.2,983,HIIT,23.4,2.4,3,2,19.47,Normal,72,13.65277778,High
57,Male,76.6,1.86,173,141,55,1.14,796,Yoga,25.4,2.8,4,2,22.14,Normal,68.4,11.6374269,High
49,Male,81.4,1.83,167,125,73,1.98,1225,Yoga,13.6,3.5,5,3,24.31,Normal,118.8,10.31144781,High
51,Male,60.7,1.71,168,169,60,1.14,954,Strength,22.1,2.5,2,1,20.76,Normal,68.4,13.94736842,High
45,Female,57.2,1.55,194,121,58,1.67,909,Cardio,18.4,2.7,5,3,23.81,Normal,100.2,9.071856287,High
48,Female,73,1.59,196,149,64,1.19,798,Strength,32,2.1,3,2,28.88,Obese,71.4,11.17647059,High
25,Male,123.8,1.99,180,121,72,1.13,752,HIIT,25.6,2.6,3,1,31.26,Overweight,67.8,11.09144543,High
56,Male,93.6,1.66,177,151,52,1.37,1024,Strength,29,2.2,2,1,33.97,Overweight,82.2,12.45742092,High
43,Male,76.8,1.92,192,161,50,1.24,988,Yoga,21.1,2.5,3,1,20.83,Normal,74.4,13.27956989,High
51,Female,54.7,1.53,167,135,69,1.11,674,HIIT,26.8,2,4,2,23.37,Normal,66.6,10.12012012,High
20,Male,92.3,1.94,176,131,71,1.14,821,HIIT,24.3,2.1,3,2,24.52,Normal,68.4,12.00292398,High
29,Female,71.8,1.55,190,120,68,1.2,720,Cardio,26.3,2.4,4,2,29.89,Obese,72,10,High
18,Female,66.9,1.57,193,127,63,1.07,679,Cardio,30.7,2.2,3,2,27.14,Obese,64.2,10.57632399,High
22,Female,48.7,1.76,165,167,66,1.37,1144,HIIT,29,2.2,4,2,15.72,Underweight,82.2,13.91727494,High
47,Male,66.2,1.71,181,169,71,1.42,1188,HIIT,22.8,2.9,3,1,22.64,Normal,85.2,13.94366197,High
47,Female,40,1.76,173,132,63,0.8,475,Strength,26.7,2.2,3,1,12.91,Underweight,48,9.895833333,Medium
34,Male,112.4,1.85,162,134,66,1.18,870,HIIT,23.4,3.6,4,2,32.84,Overweight,70.8,12.28813559,High
40,Female,70,1.55,171,163,74,0.85,693,Yoga,31.1,1.5,3,1,29.14,Obese,51,13.58823529,Medium
32,Male,84,1.74,195,127,63,1.45,1013,Strength,25.8,2.1,3,1,27.74,Obese,87,11.64367816,High
54,Female,43.8,1.65,171,129,61,1.29,749,Yoga,26.6,1.7,4,2,16.09,Underweight,77.4,9.677002584,High
38,Male,123.3,1.62,161,165,65,1.34,1216,Yoga,21.2,2.3,4,2,46.98,Overweight,80.4,15.12437811,High
31,Female,57.9,1.56,161,124,50,1.8,1116,Yoga,15.1,2.7,5,3,23.79,Normal,108,10.33333333,High
19,Male,82.4,1.96,174,169,62,1.9,1766,HIIT,10.1,3.5,5,3,21.45,Normal,114,15.49122807,High
28,Male,84.8,1.79,182,138,55,1.35,1025,Cardio,28.8,2.3,4,2,26.47,Obese,81,12.65432099,High
56,Male,109.6,1.66,188,166,66,1.29,1060,Cardio,20.5,3.1,3,2,39.77,Overweight,77.4,13.69509044,High
55,Male,86.4,1.77,176,157,61,1,777,Yoga,27.3,2.8,3,2,27.58,Obese,60,12.95,Medium
51,Female,63.9,1.8,191,130,72,1.07,626,HIIT,33.7,2.7,4,2,19.72,Normal,64.2,9.750778816,High
55,Female,70.8,1.62,166,162,68,0.54,394,Strength,26,1.8,3,1,26.98,Obese,32.4,12.16049383,Medium
51,Male,115.3,1.67,189,139,55,1.38,950,Yoga,24.4,2.5,3,2,41.34,Overweight,82.8,11.47342995,High
35,Female,55.3,1.56,187,139,56,1.71,1188,Strength,19.8,2.7,5,3,22.72,Normal,102.6,11.57894737,High
47,Male,73.9,1.8,173,140,50,1.36,942,Strength,28.3,3.7,3,1,22.81,Normal,81.6,11.54411765,High
32,Male,97.3,1.96,189,137,50,1.36,1025,HIIT,24.9,3.4,3,2,25.33,Obese,81.6,12.56127451,High
44,Female,60.4,1.65,176,169,54,1.27,966,HIIT,32.6,2.1,4,2,22.19,Normal,76.2,12.67716535,High
51,Male,49.3,1.61,191,129,55,1.36,868,Cardio,28.3,2.9,2,1,19.02,Normal,81.6,10.6372549,High
55,Male,91.8,1.78,165,153,65,1.44,1091,Cardio,23.5,3.4,3,1,28.97,Obese,86.4,12.62731481,High
50,Female,73.6,1.55,183,145,74,0.89,581,HIIT,33.9,2.1,3,1,30.63,Overweight,53.4,10.88014981,Medium
41,Male,47.1,1.78,165,149,65,1.26,929,Yoga,24.7,2.4,3,1,14.87,Underweight,75.6,12.28835979,High
32,Male,65.2,1.62,186,128,63,0.58,408,Cardio,25.3,3.4,2,1,24.84,Normal,34.8,11.72413793,Medium
47,Male,87.2,1.64,177,165,50,2,1634,Strength,15,3.5,4,3,32.42,Overweight,120,13.61666667,High
59,Male,96.7,1.71,183,150,62,0.57,423,Yoga,28.4,2.9,3,1,33.07,Overweight,34.2,12.36842105,Medium
34,Female,46.9,1.61,196,161,69,1.02,821,Strength,28.6,1.7,3,2,18.09,Underweight,61.2,13.41503268,High
22,Female,72.1,1.62,183,123,59,1.38,849,HIIT,25.1,2.1,3,1,27.47,Obese,82.8,10.25362319,High
46,Female,62.5,1.54,197,125,73,1.61,906,Strength,18.1,2.7,4,3,26.35,Obese,96.6,9.378881988,High
21,Male,110.7,1.69,193,133,59,1.06,775,Yoga,27,2.7,3,1,38.76,Overweight,63.6,12.18553459,High
27,Male,102.6,1.83,199,123,58,1.41,954,HIIT,26.5,3.5,3,2,30.64,Overweight,84.6,11.27659574,High
34,Female,64.3,1.62,174,145,62,1.76,1276,Yoga,19.8,2.7,5,3,24.5,Normal,105.6,12.08333333,High
27,Male,80.7,1.61,170,166,52,1.75,1598,Strength,14.3,3.5,4,3,31.13,Overweight,105,15.21904762,High
34,Male,115.3,1.81,181,167,67,1.36,1249,Yoga,24.5,2.2,2,1,35.19,Overweight,81.6,15.30637255,High
37,Male,87.8,1.69,183,158,69,1.81,1573,HIIT,10.3,3.5,5,3,30.74,Overweight,108.6,14.48434622,High
41,Male,74.3,1.61,160,136,51,1.06,714,Strength,24.8,3.5,4,2,28.66,Obese,63.6,11.22641509,High
22,Female,78.5,1.7,177,138,66,1.36,938,Strength,31.9,2.1,4,2,27.16,Obese,81.6,11.49509804,High
51,Female,77.3,1.58,171,168,68,0.97,733,Cardio,31.1,2,2,1,30.96,Overweight,58.2,12.59450172,Medium
23,Female,64.5,1.7,187,125,72,0.51,319,Cardio,30.4,1.7,2,1,22.32,Normal,30.6,10.4248366,Medium
19,Male,72,1.94,199,148,62,1.17,952,Yoga,24.7,3.2,3,2,19.13,Normal,70.2,13.56125356,High
30,Female,77.9,1.77,166,130,62,1.41,916,Cardio,27.9,2.6,4,2,24.87,Normal,84.6,10.82742317,High
28,Female,69.6,1.58,182,135,50,1.49,1006,Cardio,27.8,2,3,2,27.88,Obese,89.4,11.25279642,High
40,Male,68.9,1.99,180,149,51,1.16,951,Cardio,25,2.4,4,2,17.4,Underweight,69.6,13.6637931,High
33,Male,45.9,1.89,193,144,50,1.45,1148,Cardio,21.6,2.9,3,2,12.85,Underweight,87,13.1954023,High
48,Female,68.2,1.69,170,159,73,0.75,537,HIIT,28.4,2.5,3,1,23.88,Normal,45,11.93333333,Medium
28,Female,79.6,1.59,181,130,54,1.49,968,HIIT,28.2,1.5,3,2,31.49,Overweight,89.4,10.82774049,High
33,Female,53.6,1.52,194,126,73,1.02,643,Cardio,30.9,2.3,2,1,23.2,Normal,61.2,10.50653595,High
25,Female,57.7,1.58,188,145,52,1.36,986,Yoga,25.7,2.2,3,2,23.11,Normal,81.6,12.08333333,High
21,Male,74.2,1.93,187,141,56,1.32,1024,HIIT,28.3,2.5,3,2,19.92,Normal,79.2,12.92929293,High
57,Female,64.4,1.56,177,144,73,1.52,985,Cardio,17.8,2.7,5,3,26.46,Obese,91.2,10.8004386,High
21,Female,54.9,1.78,173,138,71,0.55,380,HIIT,31.7,2,2,1,17.33,Underweight,33,11.51515152,Medium
42,Male,50.3,1.64,177,150,62,0.63,468,Strength,27,2.4,3,1,18.7,Normal,37.8,12.38095238,Medium
20,Female,46.5,1.68,187,145,72,0.91,660,HIIT,27.9,2.4,2,1,16.48,Underweight,54.6,12.08791209,Medium
49,Male,57.8,1.99,183,161,67,0.93,741,HIIT,24.7,3.1,3,1,14.6,Underweight,55.8,13.27956989,Medium
20,Male,83,1.8,167,160,73,0.79,695,Yoga,29.6,2.9,2,1,25.62,Obese,47.4,14.66244726,Medium
44,Male,82.5,1.79,167,155,70,1.51,1159,HIIT,13.8,3.5,5,3,25.75,Obese,90.6,12.79249448,High
46,Female,66.5,1.73,163,142,56,1.11,709,Yoga,34.7,2,3,1,22.22,Normal,66.6,10.64564565,High
49,Female,70.2,1.67,186,166,50,0.93,695,Strength,32.5,1.8,3,1,25.17,Obese,55.8,12.45519713,Medium
36,Male,121.9,1.93,195,132,54,1.49,1082,Cardio,21.8,3.4,3,2,32.73,Overweight,89.4,12.10290828,High
38,Female,70.3,1.52,164,144,66,1.19,857,Yoga,25.6,2,4,2,30.43,Overweight,71.4,12.00280112,High
22,Female,40.3,1.56,192,121,57,1.45,877,HIIT,30.8,2.1,4,2,16.56,Underweight,87,10.08045977,High
35,Male,101.4,1.76,193,121,64,0.84,559,HIIT,23.6,2.9,2,1,32.74,Overweight,50.4,11.09126984,Medium
45,Male,79.2,1.95,189,135,69,1.47,982,Yoga,22.8,2.8,3,2,20.83,Normal,88.2,11.13378685,High
59,Female,75.8,1.77,167,128,53,1.46,841,Strength,33.1,1.8,3,1,24.19,Normal,87.6,9.600456621,High
39,Male,71.7,1.88,198,147,51,0.55,445,Cardio,23.7,2.2,2,1,20.29,Normal,33,13.48484848,Medium
38,Female,57.7,1.56,185,132,54,1.64,1082,HIIT,16.6,2.7,5,3,23.71,Normal,98.4,10.99593496,High
23,Female,47.4,1.6,196,154,50,0.76,585,Strength,33.5,1.6,3,1,18.52,Normal,45.6,12.82894737,Medium
18,Female,57.2,1.75,193,160,74,1.29,1032,Cardio,33.5,2.4,3,2,18.68,Normal,77.4,13.33333333,High
22,Female,44.8,1.72,166,132,54,1.48,977,Cardio,28.6,1.8,4,2,15.14,Underweight,88.8,11.00225225,High
58,Male,90.2,1.72,199,150,55,0.9,668,HIIT,28.3,2.1,2,1,30.49,Overweight,54,12.37037037,Medium
29,Male,84.9,1.72,187,140,51,1.79,1378,Yoga,14.3,3.5,4,3,28.7,Obese,107.4,12.83054004,High
43,Male,95.7,1.77,198,151,50,1.08,807,HIIT,24.2,3.4,3,1,30.55,Overweight,64.8,12.4537037,High
51,Male,59,1.65,198,153,53,1.22,924,HIIT,20.7,2.3,3,2,21.67,Normal,73.2,12.62295082,High
31,Female,60.5,1.77,187,127,56,1.72,1092,HIIT,15,2.7,4,3,19.31,Normal,103.2,10.58139535,High
43,Female,53.8,1.72,173,160,71,1.03,742,Strength,30.2,2.3,4,2,18.19,Underweight,61.8,12.00647249,High
44,Male,86.6,1.97,197,167,50,1.66,1372,Yoga,11.7,3.5,5,3,22.31,Normal,99.6,13.7751004,High
26,Female,72.8,1.67,163,121,50,1.37,829,Strength,35,1.9,2,1,26.1,Obese,82.2,10.08515815,High
43,Female,66.3,1.77,177,157,57,1.48,1046,HIIT,32.7,1.7,4,2,21.16,Normal,88.8,11.77927928,High
39,Female,56,1.6,184,151,69,0.89,672,Yoga,32.6,2,2,1,21.87,Normal,53.4,12.58426966,Medium
47,Male,45.9,1.93,166,159,65,1.29,1015,Cardio,29.6,2,3,2,12.32,Underweight,77.4,13.11369509,High
34,Male,88,1.64,197,147,70,1.9,1536,Yoga,14.4,3.5,4,3,32.72,Overweight,114,13.47368421,High
43,Male,94,1.79,187,156,62,1.31,1012,HIIT,23.2,3.4,2,1,29.34,Obese,78.6,12.87531807,High
53,Female,44.7,1.79,164,160,72,1.34,965,Yoga,26.7,2.1,3,2,13.95,Underweight,80.4,12.00248756,High
18,Male,63.2,1.63,162,120,73,0.66,436,Cardio,27.5,2.2,3,1,23.79,Normal,39.6,11.01010101,Medium
25,Male,95.6,1.9,190,160,72,1.47,1294,Cardio,23.8,2.4,4,2,26.48,Obese,88.2,14.67120181,High
52,Male,47.8,1.86,179,129,67,1.01,645,Yoga,24.7,2.8,3,2,13.82,Underweight,60.6,10.64356436,High
32,Male,85.3,1.64,178,123,69,1.77,1197,Cardio,13.2,3.5,4,3,31.71,Overweight,106.2,11.27118644,High
39,Male,59.7,1.83,170,154,59,1.35,1143,Strength,29.1,2.3,4,2,17.83,Underweight,81,14.11111111,High
31,Male,70.2,1.98,199,129,61,0.71,504,Yoga,24.2,2.5,2,1,17.91,Underweight,42.6,11.83098592,Medium
43,Female,72.7,1.8,162,166,50,0.79,590,Cardio,32.8,2.1,3,1,22.44,Normal,47.4,12.44725738,Medium
45,Female,50.4,1.79,182,130,59,0.74,433,Cardio,27.7,2.5,2,1,15.73,Underweight,44.4,9.752252252,Medium
40,Male,81.7,1.74,166,133,58,0.91,666,Yoga,27,2.7,2,1,26.99,Obese,54.6,12.1978022,Medium
31,Male,49.3,1.62,182,157,52,0.56,484,Strength,20,3.2,2,1,18.79,Normal,33.6,14.4047619,Medium
41,Female,61.9,1.64,166,131,68,1.93,1138,Yoga,19.4,2.7,4,3,23.01,Normal,115.8,9.827288428,High
19,Female,49.1,1.68,193,164,58,1.42,1164,Cardio,25.3,2.6,4,2,17.4,Underweight,85.2,13.66197183,High
43,Male,66.5,1.83,178,136,59,1.11,747,Yoga,27.1,2.4,3,2,19.86,Normal,66.6,11.21621622,High
31,Male,75.5,1.93,168,135,68,0.6,446,Cardio,20.5,3.4,2,1,20.27,Normal,36,12.38888889,Medium
24,Male,88.2,1.79,177,154,65,1.76,1491,HIIT,11.3,3.5,4,3,27.53,Obese,105.6,14.11931818,High
20,Male,74.8,1.75,184,121,73,1.33,885,Yoga,25,3.3,3,2,24.42,Normal,79.8,11.09022556,High
40,Female,72.2,1.6,173,130,67,0.87,566,Yoga,29.2,1.9,3,1,28.2,Obese,52.2,10.84291188,Medium
35,Male,62.8,1.63,184,160,63,1.41,1241,Cardio,21.9,3.7,4,2,23.64,Normal,84.6,14.66903073,High
55,Male,84.7,1.79,178,122,52,1.19,719,Cardio,23.3,2.4,3,2,26.43,Obese,71.4,10.07002801,High
52,Male,116.5,1.69,198,148,51,0.53,388,Cardio,27.3,2.4,2,1,40.79,Overweight,31.8,12.20125786,Medium
32,Male,77.4,1.92,174,137,50,1.39,1047,Cardio,26.7,3.3,3,2,21,Normal,83.4,12.55395683,High
42,Female,72.9,1.62,175,139,67,1.17,732,Yoga,25.7,2,4,2,27.78,Obese,70.2,10.42735043,High
54,Female,58.4,1.59,186,166,73,1.08,807,Cardio,32.5,1.9,2,1,23.1,Normal,64.8,12.4537037,High
45,Female,64.3,1.54,199,133,58,1.67,999,Yoga,15.3,2.7,4,3,27.11,Obese,100.2,9.97005988,High
27,Male,89.3,1.87,169,153,62,1.62,1363,Strength,12.7,3.5,5,3,25.54,Obese,97.2,14.02263374,High
56,Male,90.2,1.61,163,168,51,1.38,1148,Yoga,22.6,2.3,3,2,34.8,Overweight,82.8,13.8647343,High
34,Female,59,1.62,178,150,56,1.13,847,Cardio,30.9,2.4,4,2,22.48,Normal,67.8,12.49262537,High
56,Male,58.7,1.86,187,159,65,1.09,858,Cardio,22.6,3.3,3,2,16.97,Underweight,65.4,13.11926606,High
39,Male,127.5,1.82,180,161,70,1.26,1116,Strength,29.8,3,3,2,38.49,Overweight,75.6,14.76190476,High
43,Female,68.6,1.52,173,137,68,1.42,875,Yoga,28.1,2.6,4,2,29.69,Obese,85.2,10.26995305,High
42,Female,56.7,1.53,192,149,74,1.07,717,Strength,27.4,1.9,3,1,24.22,Normal,64.2,11.1682243,High
34,Female,64.5,1.78,169,144,64,1.33,958,Yoga,27.8,1.8,4,2,20.36,Normal,79.8,12.00501253,High
30,Female,61.6,1.52,178,138,71,1.78,1228,Cardio,19.5,2.7,4,3,26.66,Obese,106.8,11.49812734,High
37,Male,75.1,1.82,189,127,60,1.23,859,Yoga,26.4,3.2,4,2,22.67,Normal,73.8,11.6395664,High
42,Male,79.3,1.93,181,147,50,1.22,888,Cardio,27.3,3.3,2,1,21.29,Normal,73.2,12.13114754,High
21,Female,72.6,1.68,162,127,70,1.19,756,Cardio,34.2,1.8,3,2,25.72,Obese,71.4,10.58823529,High
27,Male,76.7,1.7,196,150,56,0.96,792,HIIT,29.1,2.1,3,1,26.54,Obese,57.6,13.75,Medium
20,Female,44.2,1.61,177,122,69,1.08,659,HIIT,32.4,2.5,2,1,17.05,Underweight,64.8,10.16975309,High
58,Female,56.5,1.7,170,122,57,0.74,406,Yoga,27,2.7,2,1,19.55,Normal,44.4,9.144144144,Medium
35,Male,100.9,1.63,161,163,59,1.1,986,Cardio,28.4,3.1,2,1,37.98,Overweight,66,14.93939394,High
53,Female,55.8,1.55,171,141,54,1.12,711,Strength,27,1.8,4,2,23.23,Normal,67.2,10.58035714,High
39,Male,58.3,1.93,165,136,58,1.35,1010,Cardio,27.4,3.7,4,2,15.65,Underweight,81,12.4691358,High
51,Male,48.6,1.77,199,155,74,1.47,1128,Strength,26.9,3.5,2,1,15.51,Underweight,88.2,12.78911565,High
25,Male,81.7,1.95,188,136,74,1.94,1451,Yoga,13.8,3.5,4,3,21.49,Normal,116.4,12.46563574,High
57,Male,85.6,1.69,189,133,50,1.76,1159,Yoga,12.7,3.5,5,3,29.97,Obese,105.6,10.97537879,High
36,Female,60,1.72,161,128,51,1.63,1043,Strength,18.2,2.7,5,3,20.28,Normal,97.8,10.66462168,High
59,Male,126.4,1.69,168,149,68,1.24,915,Strength,29.5,2.9,3,1,44.26,Overweight,74.4,12.2983871,High
58,Female,75.4,1.78,161,140,63,1.05,662,Cardio,26,2.5,4,2,23.8,Normal,63,10.50793651,High
54,Female,64.2,1.69,188,131,69,1.69,996,Yoga,16.5,2.7,4,3,22.48,Normal,101.4,9.822485207,High
23,Female,65.2,1.62,192,156,59,1.37,1069,Cardio,31.1,2.5,3,2,24.84,Normal,82.2,13.00486618,High
43,Female,70.1,1.66,169,151,58,0.99,673,Strength,34.6,2.6,2,1,25.44,Obese,59.4,11.32996633,Medium
51,Male,102.6,1.77,193,130,59,1.21,779,HIIT,21,3.4,2,1,32.75,Overweight,72.6,10.73002755,High
23,Male,107.2,1.93,167,139,55,1.15,879,HIIT,20.2,3.1,4,2,28.78,Obese,69,12.73913043,High
54,Female,56.5,1.75,196,154,66,1.76,1220,HIIT,15.3,2.7,5,3,18.45,Underweight,105.6,11.5530303,High
50,Female,61.6,1.75,192,166,74,1.22,911,Strength,25.5,2.2,4,2,20.11,Normal,73.2,12.44535519,High
39,Male,81.7,1.75,165,165,55,1.32,1198,Cardio,29.1,2.8,4,2,26.68,Obese,79.2,15.12626263,High
38,Female,76.6,1.58,199,130,53,0.74,481,Yoga,32.2,2.3,2,1,30.68,Overweight,44.4,10.83333333,Medium
23,Male,116.8,1.79,178,127,69,1,698,Strength,26.8,3.4,4,2,36.45,Overweight,60,11.63333333,Medium
23,Female,60.1,1.59,191,123,52,1.8,1107,HIIT,17.6,2.7,4,3,23.77,Normal,108,10.25,High
21,Male,93.7,1.73,186,146,72,1,803,Cardio,27.8,3.6,2,1,31.31,Overweight,60,13.38333333,Medium
47,Female,41.6,1.58,160,163,68,1.03,756,Yoga,26.6,2.1,4,2,16.66,Underweight,61.8,12.23300971,High
28,Female,55.1,1.79,192,159,67,1.99,1582,Yoga,17,2.7,5,3,17.2,Underweight,119.4,13.24958124,High
47,Male,127.1,1.76,199,157,73,0.71,552,Strength,24.9,3,2,1,41.03,Overweight,42.6,12.95774648,Medium
48,Female,69.1,1.6,191,166,53,1.34,1001,Strength,26.1,2,4,2,26.99,Obese,80.4,12.45024876,High
41,Female,66.8,1.74,164,149,57,1.34,898,Yoga,29.2,2.3,3,1,22.06,Normal,80.4,11.16915423,High
26,Male,125.5,1.76,176,163,66,1.15,1031,Yoga,23.2,3.1,4,2,40.52,Overweight,69,14.94202899,High
20,Female,71.3,1.58,167,167,54,1.07,893,HIIT,25.4,1.5,3,2,28.56,Obese,64.2,13.90965732,High
48,Male,129.2,1.61,193,167,62,1.06,876,Yoga,21.4,2.9,4,2,49.84,Overweight,63.6,13.77358491,High
57,Male,96.3,1.86,168,146,74,1.1,795,Strength,27.6,2.2,3,2,27.84,Obese,66,12.04545455,High
54,Female,67.5,1.54,182,140,50,0.72,454,Cardio,25.2,1.5,3,1,28.46,Obese,43.2,10.50925926,Medium
53,Female,64.4,1.55,194,139,62,1.77,1107,HIIT,19.7,2.7,4,3,26.81,Obese,106.2,10.42372881,High
41,Female,64.9,1.57,166,123,53,1.04,576,HIIT,25.9,2.4,4,2,26.33,Obese,62.4,9.230769231,High
48,Female,52.3,1.66,174,130,71,0.74,433,Yoga,33,1.8,3,1,18.98,Normal,44.4,9.752252252,Medium
23,Female,56.7,1.55,179,132,73,1.38,911,Cardio,34,1.9,4,2,23.6,Normal,82.8,11.00241546,High
19,Female,46.8,1.63,184,128,63,1.35,864,HIIT,34.4,1.6,4,2,17.61,Underweight,81,10.66666667,High
37,Female,70.3,1.77,162,123,52,1.01,621,Strength,33.7,1.7,2,1,22.44,Normal,60.6,10.24752475,High
45,Male,80.8,1.76,183,131,54,1.7,1102,Yoga,11.4,3.5,4,3,26.08,Obese,102,10.80392157,High
28,Female,56,1.5,193,128,56,1.94,1242,Strength,16.7,2.7,5,3,24.89,Normal,116.4,10.67010309,High
21,Male,101.2,1.84,181,132,50,1.3,944,Yoga,24.3,3.3,2,1,29.89,Obese,78,12.1025641,High
32,Female,56.6,1.57,170,167,72,1.65,1378,HIIT,15.7,2.7,4,3,22.96,Normal,99,13.91919192,High
23,Female,40.9,1.75,167,145,61,0.82,594,Yoga,25.2,2.1,3,1,13.36,Underweight,49.2,12.07317073,Medium
47,Male,127.8,1.65,198,157,60,0.77,598,Cardio,28.7,3.5,2,1,46.94,Overweight,46.2,12.94372294,Medium
55,Female,49.3,1.76,194,161,73,1.28,927,Strength,30.5,2,2,1,15.92,Underweight,76.8,12.0703125,High
19,Female,64.3,1.63,197,132,57,1.87,1234,Cardio,18,2.7,5,3,24.2,Normal,112.2,10.99821747,High
32,Male,49.3,1.62,167,158,74,1.18,1025,Strength,29.3,2.5,3,2,18.79,Normal,70.8,14.47740113,High
28,Female,63,1.62,196,147,55,0.68,500,Strength,31.7,1.9,2,1,24.01,Normal,40.8,12.25490196,Medium
25,Female,41.1,1.67,186,138,71,1.03,711,Yoga,31.9,2.4,3,2,14.74,Underweight,61.8,11.50485437,High
43,Female,40.5,1.74,187,143,51,1.5,965,HIIT,32.9,2.2,3,2,13.38,Underweight,90,10.72222222,High
22,Male,71,1.62,199,138,68,0.91,691,HIIT,21.2,3.5,2,1,27.05,Obese,54.6,12.65567766,Medium
23,Female,60.9,1.62,193,168,69,1.59,1336,Cardio,16.8,2.7,5,3,23.21,Normal,95.4,14.00419287,High
43,Female,64.7,1.66,191,132,69,1.88,1117,Yoga,19.8,2.7,4,3,23.48,Normal,112.8,9.90248227,High
21,Female,51,1.71,174,132,73,1.07,706,HIIT,34.2,2.2,3,2,17.44,Underweight,64.2,10.99688474,High
36,Female,57.7,1.77,176,147,63,1.65,1213,Strength,19.4,2.7,4,3,18.42,Underweight,99,12.25252525,High
37,Male,76.9,1.82,192,121,50,1.49,992,Strength,24.5,2.8,4,2,23.22,Normal,89.4,11.09619687,High
50,Male,80.5,1.77,175,129,59,1.85,1181,Yoga,14.3,3.5,4,3,25.7,Obese,111,10.63963964,High
37,Female,73.3,1.74,188,141,65,1.03,726,Cardio,25.5,2.4,3,2,24.21,Normal,61.8,11.74757282,High
29,Female,49,1.57,168,132,53,1.33,878,Yoga,26.5,2.6,3,2,19.88,Normal,79.8,11.00250627,High
18,Male,114.5,1.97,192,128,60,1.03,725,Cardio,24.1,2.6,3,1,29.5,Obese,61.8,11.73139159,High
43,Male,81,1.78,188,152,65,1.58,1189,Yoga,12.4,3.5,5,3,25.56,Obese,94.8,12.54219409,High
31,Female,53.5,1.76,172,133,69,1.22,811,Strength,27.6,1.8,4,2,17.27,Underweight,73.2,11.07923497,High
55,Male,52.1,1.68,180,167,50,0.77,637,Yoga,23.6,3,3,1,18.46,Underweight,46.2,13.78787879,Medium
54,Female,70.1,1.52,180,139,65,0.76,475,HIIT,26.6,2.1,2,1,30.34,Overweight,45.6,10.41666667,Medium
28,Male,86.9,1.78,164,134,68,1.29,951,HIIT,24.9,3.7,4,2,27.43,Obese,77.4,12.28682171,High
53,Male,73.4,1.76,169,151,70,1.09,815,Yoga,27.9,2.8,3,2,23.7,Normal,65.4,12.4617737,High
30,Male,90,1.66,165,152,71,1.32,1104,Cardio,26.6,2.1,4,2,32.66,Overweight,79.2,13.93939394,High
20,Male,85.7,1.92,172,136,58,1.72,1287,Cardio,10.5,3.5,5,3,23.25,Normal,103.2,12.47093023,High
50,Female,70.4,1.55,160,143,58,0.73,470,Strength,29.9,2.7,2,1,29.3,Obese,43.8,10.73059361,Medium
23,Male,57.7,1.71,179,149,58,1.15,942,Strength,27,3.4,3,2,19.73,Normal,69,13.65217391,High
27,Male,75.7,1.76,167,132,66,0.68,494,Cardio,25.3,2.3,3,1,24.44,Normal,40.8,12.10784314,Medium
22,Female,61.8,1.52,169,166,61,1.83,1519,Yoga,17,2.7,5,3,26.75,Obese,109.8,13.83424408,High
40,Male,80.3,1.76,168,167,74,1.63,1497,Strength,13.1,3.5,5,3,25.92,Obese,97.8,15.30674847,High
27,Male,104.3,1.68,162,135,62,1.28,950,Cardio,29.7,3.5,3,2,36.95,Overweight,76.8,12.36979167,High
19,Female,65.7,1.58,170,121,57,1.46,883,Cardio,25.9,1.9,3,2,26.32,Obese,87.6,10.07990868,High
30,Male,120.3,1.96,171,136,65,0.66,494,Yoga,23.9,2.6,2,1,31.32,Overweight,39.6,12.47474747,Medium
57,Female,51.9,1.57,169,151,67,1.05,713,HIIT,29.1,2.6,3,2,21.06,Normal,63,11.31746032,High
19,Female,59.1,1.57,184,162,50,1.65,1336,Cardio,17.9,2.7,5,3,23.98,Normal,99,13.49494949,High
37,Female,66.9,1.75,184,127,50,1.38,876,Strength,26.5,2.1,4,2,21.84,Normal,82.8,10.57971014,High
18,Female,66.9,1.75,170,122,61,0.94,573,Yoga,26.8,1.7,2,1,21.84,Normal,56.4,10.15957447,Medium
54,Male,78.7,1.66,195,131,55,1.42,921,Yoga,22.9,2.6,3,2,28.56,Obese,85.2,10.80985915,High
26,Female,62.4,1.61,198,139,58,1.88,1307,Yoga,19.8,2.7,4,3,24.07,Normal,112.8,11.58687943,High
34,Male,102.1,1.71,185,135,72,0.96,713,HIIT,27.3,3.2,2,1,34.92,Overweight,57.6,12.37847222,Medium
26,Male,51.9,2,173,133,54,0.75,549,HIIT,26.6,2.3,2,1,12.97,Underweight,45,12.2,Medium
28,Male,58.3,2,198,135,65,1.32,980,Strength,28.2,3,4,2,14.57,Underweight,79.2,12.37373737,High
32,Male,89.8,1.92,199,168,67,1.93,1783,Strength,10.6,3.5,4,3,24.36,Normal,115.8,15.39723661,High
41,Male,101.1,1.83,160,162,66,0.79,634,Yoga,28.6,3.2,2,1,30.19,Overweight,47.4,13.37552743,Medium
55,Male,118.6,1.72,163,168,67,0.77,640,Strength,25.9,2.6,3,1,40.09,Overweight,46.2,13.85281385,Medium
52,Male,84.8,1.85,189,152,50,1.19,895,Cardio,23.4,3.2,2,1,24.78,Normal,71.4,12.53501401,High
47,Male,80,1.77,171,149,68,0.72,531,HIIT,28.2,3.5,3,1,25.54,Obese,43.2,12.29166667,Medium
48,Male,73.1,1.83,194,131,71,1.05,681,Yoga,28,2.8,4,2,21.83,Normal,63,10.80952381,High
22,Male,117.3,1.68,172,134,57,1.24,914,Yoga,28.5,2.7,3,2,41.56,Overweight,74.4,12.28494624,High
31,Female,77.4,1.71,190,137,52,1.26,863,Cardio,26.2,1.8,4,2,26.47,Obese,75.6,11.41534392,High
28,Female,72.9,1.67,197,147,74,1.13,831,Cardio,34.7,2.2,3,2,26.14,Obese,67.8,12.25663717,High
26,Female,71.2,1.5,182,142,54,1.15,816,Cardio,34.6,2.6,2,1,31.64,Overweight,69,11.82608696,High
51,Male,88.2,1.62,163,133,72,1.56,1027,Cardio,11.8,3.5,4,3,33.61,Overweight,93.6,10.97222222,High
29,Female,75.6,1.8,175,149,57,1.31,976,Yoga,25.7,1.9,4,2,23.33,Normal,78.6,12.4173028,High
52,Female,57.9,1.56,166,152,68,1.66,1135,HIIT,15.8,2.7,4,3,23.79,Normal,99.6,11.39558233,High
52,Female,70.6,1.58,181,164,67,1.02,753,HIIT,34.9,2,3,2,28.28,Obese,61.2,12.30392157,High
18,Male,118.6,1.64,188,134,67,0.94,693,Cardio,25.6,2.7,3,1,44.1,Overweight,56.4,12.28723404,Medium
57,Male,55.7,1.99,170,126,70,1.13,705,Strength,23.6,3,3,2,14.07,Underweight,67.8,10.39823009,High
39,Male,102.3,1.94,192,134,50,0.89,656,Yoga,22.9,2.4,3,1,27.18,Obese,53.4,12.28464419,Medium
46,Male,72.6,1.87,188,161,64,1.31,1044,HIIT,22.6,3.4,4,2,20.76,Normal,78.6,13.28244275,High
25,Female,63.8,1.68,198,165,67,0.95,784,Cardio,31.6,1.9,2,1,22.6,Normal,57,13.75438596,Medium
28,Female,67.3,1.67,171,157,74,0.61,479,Strength,29.2,2.3,3,1,24.13,Normal,36.6,13.08743169,Medium
58,Female,59.3,1.58,166,165,56,1.97,1463,Strength,19.8,2.7,4,3,23.75,Normal,118.2,12.37732657,High
54,Female,70.7,1.57,198,163,65,1.14,836,Cardio,31.8,2.1,3,1,28.68,Obese,68.4,12.22222222,High
31,Male,86.9,1.69,185,130,65,1.72,1230,Yoga,14,3.5,4,3,30.43,Overweight,103.2,11.91860465,High
47,Male,98.2,1.9,199,148,64,0.76,557,HIIT,22.9,3,3,1,27.2,Obese,45.6,12.21491228,Medium
52,Male,63.6,1.62,168,150,55,1.3,965,Strength,20.8,2.3,4,2,24.23,Normal,78,12.37179487,High
38,Female,45.2,1.68,193,144,58,1.01,727,HIIT,29.9,2.4,3,2,16.01,Underweight,60.6,11.99669967,High
54,Male,117.2,1.62,172,143,56,1.04,736,HIIT,23.1,2.3,4,2,44.66,Overweight,62.4,11.79487179,High
22,Male,107.4,1.74,195,138,63,1.34,1017,Strength,22,2.2,2,1,35.47,Overweight,80.4,12.64925373,High
36,Female,59.1,1.78,184,121,60,0.85,514,Cardio,34.5,2.2,2,1,18.65,Normal,51,10.07843137,Medium
31,Female,53.3,1.64,183,141,70,0.57,402,Strength,29.4,2.4,3,1,19.82,Normal,34.2,11.75438596,Medium
43,Male,46.2,1.63,176,139,65,1.18,812,Strength,21.7,2.1,2,1,17.39,Underweight,70.8,11.46892655,High
21,Male,67,1.61,161,152,74,1.32,1104,Yoga,22,2.1,3,2,25.85,Obese,79.2,13.93939394,High
42,Male,86.3,1.77,172,127,55,1.77,1113,HIIT,11.4,3.5,4,3,27.55,Obese,106.2,10.48022599,High
59,Male,85.5,1.67,190,144,71,1.99,1418,Cardio,15,3.5,5,3,30.66,Overweight,119.4,11.8760469,High
42,Male,70.2,1.87,188,165,65,1.38,1127,HIIT,22.7,3.4,3,2,20.07,Normal,82.8,13.61111111,High
35,Male,127.1,1.62,187,128,69,1.02,718,Strength,23.3,3.4,4,2,48.43,Overweight,61.2,11.73202614,High
57,Female,75.6,1.67,186,153,65,1.05,723,Cardio,31.6,1.8,3,2,27.11,Obese,63,11.47619048,High
25,Female,62.6,1.65,174,142,61,1.2,852,Cardio,27.9,2.2,3,1,22.99,Normal,72,11.83333333,High
56,Female,55.7,1.53,190,124,66,1.91,1066,Cardio,16.1,2.7,5,3,23.79,Normal,114.6,9.301919721,High
57,Male,96.1,1.74,199,144,54,1.21,862,Cardio,21.6,2.8,3,2,31.74,Overweight,72.6,11.87327824,High
31,Female,76.7,1.62,174,127,74,1.39,883,Yoga,28.1,2.3,4,2,29.23,Obese,83.4,10.58752998,High
49,Male,57.2,1.89,192,135,62,1.14,762,Cardio,21.1,3.5,2,1,16.01,Underweight,68.4,11.14035088,High
55,Male,69.9,1.81,179,167,57,1.2,992,Strength,20.2,2.1,4,2,21.34,Normal,72,13.77777778,High
50,Female,67.9,1.77,171,164,73,1.03,760,Yoga,33,2.4,3,2,21.67,Normal,61.8,12.29773463,High
40,Male,87.9,1.87,196,134,54,1.96,1445,Strength,10.7,3.5,5,3,25.14,Obese,117.6,12.28741497,High
32,Male,102.8,1.98,168,120,61,1.24,818,Strength,27.8,2.8,3,2,26.22,Obese,74.4,10.99462366,High
50,Female,51.8,1.5,182,141,58,1.32,838,HIIT,33,2.2,3,1,23.02,Normal,79.2,10.58080808,High
42,Female,57.7,1.57,167,122,52,1.83,1005,Cardio,17.7,2.7,4,3,23.41,Normal,109.8,9.153005464,High
34,Female,66.5,1.69,191,157,52,0.81,636,Cardio,28.1,2.3,3,1,23.28,Normal,48.6,13.08641975,Medium
50,Male,95.4,1.61,173,133,50,1.16,764,Strength,21.5,3.6,4,2,36.8,Overweight,69.6,10.97701149,High
19,Female,69.2,1.6,186,155,74,1.17,907,Cardio,32.4,1.6,3,1,27.03,Obese,70.2,12.92022792,High
31,Female,66.6,1.67,184,137,71,1.02,699,Yoga,31,1.5,4,2,23.88,Normal,61.2,11.42156863,High
57,Male,83.4,1.65,172,166,67,1.57,1290,HIIT,13.3,3.5,4,3,30.63,Overweight,94.2,13.69426752,High
57,Female,43.8,1.75,180,160,73,1.39,1001,Cardio,25.1,1.7,2,1,14.3,Underweight,83.4,12.00239808,High
56,Female,64.2,1.69,190,137,61,1.99,1227,Cardio,19.6,2.7,5,3,22.48,Normal,119.4,10.27638191,High
23,Female,44.1,1.62,196,122,58,0.58,354,Yoga,25.7,2.7,2,1,16.8,Underweight,34.8,10.17241379,Medium
23,Male,87.3,1.91,164,129,58,1.87,1327,HIIT,11.8,3.5,5,3,23.93,Normal,112.2,11.82709447,High
20,Male,55,1.6,172,168,67,1.12,1035,Yoga,24,3.2,4,2,21.48,Normal,67.2,15.40178571,High
24,Male,87.1,1.74,187,158,67,1.57,1364,Strength,10,3.5,4,3,28.77,Obese,94.2,14.47983015,High
25,Male,66.6,1.61,184,166,56,1.38,1260,Strength,25,3,2,1,25.69,Obese,82.8,15.2173913,High
59,Female,60.4,1.76,194,120,53,1.72,929,Cardio,18.8,2.7,5,3,19.5,Normal,103.2,9.001937984,High
32,Male,126.4,1.83,198,146,62,1.1,883,HIIT,28.2,2.1,3,2,37.74,Overweight,66,13.37878788,High
46,Male,88.7,1.63,166,146,66,0.75,542,Strength,28.8,3.5,2,1,33.38,Overweight,45,12.04444444,Medium
,,,,,,,,,,,,,,,,,,Low
